"id","mid","title","picurl"
"82fdd487-e840-4cad-9a47-58e87a3d5935","102","iGame GeForce RTX 5090 D v2 Vulcan OC 24GB","/content/upload/form/102/202508/e0cc54f6-736a-45ca-ba60-8f934d1124a5.jpg"
"efc38634-db71-4c0e-92dd-76e40f7a404f","102","iGame GeForce RTX 5090 D v2 Vulcan W OC 24GB","/content/upload/form/102/202508/43ae21eb-99cd-48bf-83c0-2c9fb462506d.jpg"
"7f394f2c-dd3e-4150-aea0-cefce4e2f26f","102","iGame GeForce RTX 5090 D Vulcan W OC 32GB","/content/upload/form/102/202503/466f047f-e6d6-4a5f-b0ac-dfcccb288b94.jpg"
"9e8c7465-4cbf-4865-84f0-bbe1bf9d6ac9","102"," iGame GeForce RTX 5090 D Vulcan OC 32GB","/content/upload/form/102/202501/234c6ca2-d6fd-4ea1-88e7-c2cb533274e3.jpg"
"ebd4dcef-6ad8-4249-a0b1-151238bad511","102","iGame GeForce RTX 5090 D v2 Neptune OC 24GB","/content/upload/form/102/202508/c7e4bd67-1b8f-4a1e-bb53-23821632eba9.jpg"
"c7ceae68-c03a-46b1-ade9-93a3b693f32c","102","iGame GeForce RTX 5090 D Neptune OC 32GB","/content/upload/form/102/202501/d55fc3fb-2285-43f0-a994-7631336107df.jpg"
"723cf139-291b-4af9-88a3-ceb6cd78cfa4","102","iGame GeForce RTX 5090 D v2 Advanced OC 24GB","/content/upload/form/102/202508/d27df46c-f45a-4f3c-9b61-fda3d6c6bae4.jpg"
"0349a1b0-bc67-4a36-85d9-20a8cf6bfcdf","102","iGame GeForce RTX 5090 D Advanced OC 32GB","/content/upload/form/102/202501/719c1f14-5cdc-4172-ba16-172ced01c126.jpg"
"eb25e2a8-1f57-4ea3-a5d6-fe5c03f8cbb7","102","iGame GeForce RTX 5080 Vulcan W OC 16GB","/content/upload/form/102/202504/ab2b05a9-6c31-4c64-8cf1-d0baad8956a1.jpg"
"015eea55-0fa6-4aa0-be20-9242ab2a12b9","102","iGame GeForce RTX 5080 Vulcan OC 16GB(iGame GeForce RTX 5080 Vulcan OC 16GB-T)","/content/upload/form/102/202501/8d51acfb-9620-40b7-be8c-ea5a284c7c01.jpg"
"9751f943-2e39-4e4b-afc4-68ba9b5e4579","102","iGame GeForce RTX 5080 Neptune OC 16GB","/content/upload/form/102/202501/b2469b8c-6c99-42fa-8d04-6d7886c1abf7.jpg"
"2dd0519d-9954-4f22-a4a0-ecd5ffd7fd5c","102","iGame GeForce RTX 5080 Advanced OC 16GB V2","/content/upload/form/102/202607/0aac84d6-3580-4d28-8654-eab4bb673507.jpg"
"8961f350-2143-4a11-ae0d-2b306e6fc6e3","102","iGame GeForce RTX 5080 Advanced OC 16GB","/content/upload/form/102/202501/7a9c292a-b7b2-4acb-83a5-783c65df23b9.jpg"
"9d226d80-1b12-4003-9412-74f6b604c2fa","102","iGame GeForce RTX 5080 Ultra OC 16GB V2","/content/upload/form/102/202606/e97ab5cd-ae66-4918-8489-2b56207271a3.jpg"
"09d1c3de-b553-4a72-8b98-a0eca2f9714a","102","iGame GeForce RTX 5080 Ultra W OC 16GB V2","/content/upload/form/102/202606/36ffa55d-0bf4-4dcb-8a8f-8263f41cf716.jpg"
"5e65c855-b146-43e1-9ac2-53aa4d6389c5","102","iGame GeForce RTX 5080 Ultra OC 16GB","/content/upload/form/102/202604/22ca4f5f-9222-4676-b21f-b6c74f88e2e5.jpg"
"494cc4cc-ec9c-47ee-85c4-3108692a62ab","102","iGame GeForce RTX 5080 Ultra W OC 16GB(iGame GeForce RTX 5080 Ultra W OC 16GB-T)","/content/upload/form/102/202501/cff5e3e3-73dd-4b1e-9cf0-03e55c9c19ac.jpg"
"81d0fbc8-4bc5-4ace-a518-cbd8b5ad212b","102","iGame GeForce RTX 5080 Vulcan OC 16GB V2","/content/upload/form/102/202607/28c5fd80-96f6-4a6c-8c15-d65c33a6de87.jpg"
"b026a962-57b0-462d-b45b-df100bbb79ef","102","iGame GeForce RTX 5070 Ti Vulcan X OC 16GB","/content/upload/form/102/202508/c95d6f41-74b0-4e63-a3c8-dd1345768a1a.jpg"
"95c7efb8-a3c1-45c5-b92b-23890b13492f","102","iGame GeForce RTX 5070 Ti Vulcan W OC 16GB","/content/upload/form/102/202508/0db28e97-b8e1-4bc4-a5bf-f1d61b49ed3d.jpg"
"9ad8c777-76cd-4ccc-b3d8-162a8a470638","102","iGame GeForce RTX 5070 Ti Vulcan OC 16GB","/content/upload/form/102/202502/16551030-ff49-4388-b1ee-5e5ca56329d2.jpg"
"3f15f638-914f-421e-846c-0e491722f7de","102","iGame GeForce RTX 5070 Ti Advanced OC 16GB","/content/upload/form/102/202502/b8ade47a-4330-4a58-b51d-97302d6bc031.jpg"
"9d3d240e-979e-4006-8c78-cd4c8ee9f09e","102","iGame GeForce RTX 5070 Ti Ultra Z BLACK OC 16GB","/content/upload/form/102/202603/1c83d650-436b-4fcf-82b6-fb1a8f01d59b.jpg"
"8521e421-3631-49e3-a837-a449778f8f00","102","iGame GeForce RTX 5070 Ti Ultra OC SFF 16GB","/content/upload/form/102/202603/fa845b40-c109-47de-8318-57b7230dbe35.jpg"
"b77c8bee-21b0-4f75-ac16-c8ce124f465e","102","iGame GeForce RTX 5070 Ti Ultra Z OC 16GB","/content/upload/form/102/202510/3cb54c78-764a-4570-8b80-a2ca3263edf3.jpg"
"871592c0-0b4d-43e7-abc1-cfef3e30bf4f","102","iGame GeForce RTX 5070 Ti Ultra W OC SFF 16GB(iGame GeForce RTX 5070 Ti Ultra W OC SFF 16GB-T)","/content/upload/form/102/202505/b5e1a4ba-8af7-4b6a-8c43-f25c9e2dafd2.jpg"
"3358756e-9f92-494d-86b8-d9b02c5e6c4f","102","iGame GeForce RTX 5070 Ti Ultra W OC 16GB(iGame GeForce RTX 5070 Ti Ultra W OC 16GB-T)","/content/upload/form/102/202502/0a1e8df4-2783-4355-a24c-eab5e1b13ca4.jpg"
"1f96c1d7-26a4-4e43-90f5-42691484d4d2","102","iGame GeForce RTX 5070 Vulcan X OC 12GB","/content/upload/form/102/202508/50a976ac-5bd6-45c3-89d0-2969fe9be93e.jpg"
"0f463e0b-53f2-4464-9960-4b6d7479ff5a","102","iGame GeForce RTX 5070 Vulcan W OC 12GB","/content/upload/form/102/202508/27f2af9f-8a32-4f9e-9c91-e90e8d40028a.jpg"
"c0f99e4c-161f-4106-a2ef-101f0f4d62d3","102","iGame GeForce RTX 5070 Vulcan OC 12GB","/content/upload/form/102/202503/a877ac12-9ffe-4d2e-b3df-ede04f396d2d.jpg"
"818a2305-5d28-4643-94fd-fb9982fa7789","102","iGame GeForce RTX 5070 Advanced OC Senna 12GB","/content/upload/form/102/202508/935c4b60-0160-465c-b63f-d52a7d40259d.jpg"
"f53b413d-1123-4713-b836-790a1878f822","102","iGame GeForce RTX 5070 Advanced OC 12GB","/content/upload/form/102/202503/cc09714f-9e46-419a-9ba5-86f9d5f7d1c0.jpg"
"90b03e81-76d5-4eaf-af7a-bdeba14b4b1e","102","iGame GeForce RTX 5070 Ultra OC 12GB","/content/upload/form/102/202603/8a9bb7bc-0d0d-4e22-b0ed-8bb4761a41d5.jpg"
"91da7847-7dc7-467f-a6ae-5d1854e1e273","102","iGame GeForce RTX 5070 Mini W OC 12GB","/content/upload/form/102/202601/a2c07fc9-bab9-4315-a530-02317fdab32d.jpg"
"c172b165-7ea6-4d2c-96f7-2d0b92a80eef","102","iGame GeForce RTX 5070 Mini OC 12GB","/content/upload/form/102/202511/540193eb-fcd0-48a8-ac6d-3e31301af24c.jpg"
"ec417bdc-1b19-4ae7-95cd-e68a92d7619c","102","iGame GeForce RTX 5070 Ultra W Classic OC 12GB","/content/upload/form/102/202510/4571b427-37c1-4a10-b833-b1c0eb280f43.jpg"
"cc06081e-1b5e-47cb-8640-620fd4e56874","102","iGame GeForce RTX 5070 Ultra Z OC 12GB","/content/upload/form/102/202510/a284b38e-32ae-42b9-b978-ba37660102b7.jpg"
"3f47e939-9ae5-41ee-8b37-3fd435f884ab","102","iGame GeForce RTX 5070 Ultra W OC 12GB(iGame GeForce RTX 5070 Ultra W OC 12GB-T)","/content/upload/form/102/202503/751b8850-bf11-459f-9f0f-86d3348db2de.jpg"
"22cd43d2-b4b1-4322-b15c-077343d69daa","102","战斧 GeForce RTX 5070 DUO 12GB","/content/upload/form/102/202606/53b7801b-be81-43f6-9ed6-a8843318150c.png"
"3971e2ca-f087-41e6-84d0-c9162d5ac807","102","战斧 GeForce RTX 5070 豪华版 Classic 12GB","/content/upload/form/102/202510/a2937457-6784-40e0-b093-8bfe68d899cc.jpg"
"c9ad7dc1-f546-43c7-87b5-08e0ee7d9e83","102","iGame GeForce RTX 5060 Ti Advanced OC 8GB","/content/upload/form/102/202504/f333fed4-bc9d-4c98-bf2e-18c088fdd4a4.jpg"
"04f99315-8868-4472-8682-5e7feeb48c1b","102","iGame GeForce RTX 5060 Ti Advanced OC 16GB","/content/upload/form/102/202504/311742ad-7dde-47fa-8532-9abf743ee547.jpg"
"cde84371-4dd2-48da-9c8a-8c8376e1998b","102","iGame GeForce RTX 5060 Ti Ultra OC 16GB","/content/upload/form/102/202603/90cba08c-4888-43ae-aa8b-7c5b6c4e3580.jpg"
"64be6cac-2143-4605-aceb-bfff7f3199d7","102","iGame GeForce RTX 5060 Ti Ultra OC 8GB","/content/upload/form/102/202603/33647069-4fa4-4a8d-aa04-2ccfb1cd37e2.jpg"
"d6d8ad44-ab29-42d7-bef5-efc7df3035ae","102","iGame GeForce RTX 5060 Ti Ultra Z OC 16GB","/content/upload/form/102/202510/59627225-3b4e-4545-ad3f-e26c45291dff.jpg"
"6cd3a6c4-9742-4898-b6c1-643019635f50","102","iGame GeForce RTX 5060 Ti Ultra Z OC 8GB","/content/upload/form/102/202510/14cf93a3-2e98-443a-9a7e-4fad1a7f608b.jpg"
"c7f07afa-413e-411b-bc9b-9cd95d6d7e4c","102","iGame GeForce RTX 5060 Ti Ultra W OC 8GB(iGame GeForce RTX 5060 Ti Ultra W OC 8GB-T)","/content/upload/form/102/202504/193c789a-b30e-40f9-a6c1-99e459dd1cf4.jpg"
"5530c76c-5a04-4e5b-a3ef-a26241903295","102","iGame GeForce RTX 5060 Ti Ultra W OC 16GB(iGame GeForce RTX 5060 Ti Ultra W OC 16GB-T)","/content/upload/form/102/202504/21b5d66b-e220-42b3-8e2f-bf55ce0ded28.jpg"
"dd9ce118-9620-4037-8a23-cd3c0a3fdef0","102","iGame GeForce RTX 5060 Ti Ultra DUO OC 16GB","/content/upload/form/102/202603/261a027c-d6cb-4559-9b62-c5f604058670.jpg"
"ef43799f-24b6-434b-85ef-39390227c683","102","iGame GeForce RTX 5060 Ti Ultra DUO OC 8GB","/content/upload/form/102/202603/190aa0b9-74ce-48cc-adc5-f3421ad6728b.jpg"
"f3b373ed-63e1-4a49-9419-91be75785148","102","iGame GeForce RTX 5060 Ti Mini W OC 8GB","/content/upload/form/102/202601/0e56982f-1206-4eb0-9668-03f56f90109e.jpg"
"d2168bc9-899d-4412-a931-67e72506cbda","102","iGame GeForce RTX 5060 Ti Mini W OC 16GB","/content/upload/form/102/202601/9dc228cb-4460-4e0b-b075-c1847fe1c4ba.jpg"
"2add78a0-008f-4cc3-bb83-88d0294b9e69","102","iGame GeForce RTX 5060 Ti Mini OC 16GB","/content/upload/form/102/202511/c9170bbf-2a9d-4122-a017-d0b9cb50f355.jpg"
"f7aafef2-4182-4a1a-ab0b-21cc8a600ad7","102","iGame GeForce RTX 5060 Ti Mini OC 8GB","/content/upload/form/102/202511/86d852c5-a469-48bb-a966-27f0f6352bdd.jpg"
"64604178-69e5-4da1-a227-e38dab45b5db","102","iGame GeForce RTX 5060 Ti Ultra W DUO OC 8GB(iGame GeForce RTX 5060 Ti Ultra W DUO OC 8GB-T)","/content/upload/form/102/202504/8be4ecd7-7fea-470a-96f5-aca1ac4ac993.jpg"
"92d8064f-e6db-4ddd-9ed9-32b22bd0eb0c","102","iGame GeForce RTX 5060 Ti Ultra W DUO OC 16GB(iGame GeForce RTX 5060 Ti Ultra W DUO OC 16GB-T)","/content/upload/form/102/202504/2010f1da-fb0a-4c75-810b-3737e6deb5c9.jpg"
"8ccc05b0-be62-4275-9694-b14d493dc9f7","102","iGame GeForce RTX 5060 Advanced OC 8GB","/content/upload/form/102/202505/1224a2b5-d1ff-4d87-bce0-ecf83c8b0bbb.jpg"
"f9db091c-0324-40ed-9ffd-cb56336c716c","102","iGame GeForce RTX 5060 Ultra OC 8GB V2","/content/upload/form/102/202606/a942fee6-f458-4527-90b0-d58f45903b99.jpg"
"74d66069-2e72-4819-b3fc-51bdf2fa03fb","102","iGame GeForce RTX 5060 Ultra W OC 8GB V2","/content/upload/form/102/202606/c004d997-85af-46d8-ad5a-1d067dde5901.jpg"
"e00864d4-4c5c-48bd-bd45-0ce0eff1de5d","102","iGame GeForce RTX 5060 Ultra OC 8GB","/content/upload/form/102/202603/daba0ffe-92c6-4ebe-ac3a-81ea3d952bb5.jpg"
"a3afa27b-c1a8-43ba-8fa8-c454c5f82537","102","iGame GeForce RTX 5060 Ultra Z OC 8GB","/content/upload/form/102/202510/3282307e-8a39-48ac-87fe-7c68c2f919c7.jpg"
"17b743e2-8e10-41ca-8f24-ed4d4e48a5b0","102","iGame GeForce RTX 5060 Ultra W OC 8GB(iGame GeForce RTX 5060 Ultra W OC 8GB-T)","/content/upload/form/102/202505/d5e6546e-e7e2-4515-9e90-987019361044.jpg"
"862f4374-f9eb-492e-8b69-ecd4067846a4","102","iGame GeForce RTX 5060 Ultra DUO OC 8GB","/content/upload/form/102/202603/b113af81-e8d3-44c5-943c-96f3dea096cb.jpg"
"e4343f10-5b6c-436d-b654-7e5b79dcd656","102","iGame GeForce RTX 5060 Ultra W DUO OC 8GB(iGame GeForce RTX 5060 Ultra W DUO OC 8GB-T)","/content/upload/form/102/202505/8d026e17-6690-4e20-b2f0-d909cb717bfe.jpg"
"d9507cbf-c5cb-46c6-834a-f24f365378a4","102","战斧 GeForce RTX 5060 豪华版 8GB(战斧 GeForce RTX 5060 豪华版 8GB-T)","/content/upload/form/102/202505/542a82ac-4042-4c35-b72f-269b20ccdb57.jpg"
"e09044db-8ac1-4040-a7c8-f88e2a028f45","102","战斧 GeForce RTX 5060 DUO 8GB(战斧 GeForce RTX 5060 DUO 8GB-T)","/content/upload/form/102/202505/5b7515be-595d-4f3d-b86a-1bea22ba8d7a.jpg"
"037fa3c5-1f70-4bb4-bd11-30175d89f828","102","iGame GeForce RTX 5050 Ultra W OC 8GB(iGame GeForce RTX 5050 Ultra W OC 8GB-T)","/content/upload/form/102/202506/bb1d348b-5cf4-42be-9a06-0e316ba5f381.jpg"
"45be0a73-5308-44b9-8204-aa35258d2af8","102","iGame GeForce RTX 5050 Ultra W DUO OC 8GB(iGame GeForce RTX 5050 Ultra W DUO OC 8GB-T)","/content/upload/form/102/202506/d51dca86-bb9b-45cf-bd54-0207b9c5078c.jpg"
"40e6c979-ce78-44a8-8a57-102157665ecd","102","战斧 GeForce RTX 5050 豪华版 8GB(战斧 GeForce RTX 5050 豪华版 8GB-T)","/content/upload/form/102/202506/b276e6a9-c32f-4f25-9531-86ec1ead5765.jpg"
"ea2267b8-c909-4003-ab2b-7698baec86eb","102","战斧 GeForce RTX 5050 DUO 8GB(战斧 GeForce RTX 5050 DUO 8GB-T)","/content/upload/form/102/202506/d99f5f6e-6d24-43ac-a047-0bd65a606b16.jpg"
"2e7c14bc-1e6c-41dd-a9f6-5425a7026f72","102","COLORFIRE GeForce RTX 5050 橘影橙 DUO 8GB","/content/upload/form/102/202506/d13b7c8e-bdff-4b1c-ab41-da4de1a5db22.jpg"
"869c984c-102b-433c-8398-cea5bb4e53e3","102","COLORFUL GeForce RTX 5060 LP 8GB","/content/upload/form/102/202606/93daa665-602d-4305-90c7-5b9b9262b626.jpg"
"95c44d05-655a-4afb-add0-6f6b2802f4ed","102","Colorful GeForce RTX 3050 灵动 6GB V3","/content/upload/form/102/202606/331515f5-f0b6-4023-a4ff-59a6dc10adc0.jpg"
"32bc5e4f-fa56-4b6f-abd9-4010e3ac3860","102","Colorful GeForce RTX 3050 灵动 V2 6GB(Colorful GeForce RTX 3050 灵动 V2 6GB-T)","/content/upload/form/102/202606/1767de1e-5638-404f-8a33-fe9fb8251a7c.jpg"
"f1f5fa1e-0921-4b71-9bb4-950efd50c083","102","Colorful GeForce RTX 3050 灵动 6GB V4(Colorful GeForce RTX 3050 灵动 6GB V4-T)","/content/upload/form/102/202606/2f04c0f0-f246-40f2-9c01-b3eb58091548.jpg"
"beb3a754-6bc1-49ed-84bc-67f075590e74","102","战斧 GeForce RTX 5060 DUO 8GB V3","/content/upload/form/102/202606/15f8b25f-34d4-478b-bd8f-295cf8cd0d4c.jpg"
"48bcc41b-1f33-4b05-9bb6-58244c07924a","102","战斧 GeForce RTX 5060 DUO 8GB V2","/content/upload/form/102/202606/0181ad1b-0a5e-4e28-9e7c-f6e9f8a84c67.jpg"
"9c38f1fa-95fd-4607-a7a9-1cf504eac06f","102","战斧 GeForce RTX 5060 豪华版 8GB V2","/content/upload/form/102/202606/32757d85-c845-4765-9bce-60906087db2e.jpg"
"25918e2c-637e-48d7-abb1-5c6b9331d947","102","战斧 GeForce RTX 5060 Ti DUO 8GB V3","/content/upload/form/102/202606/20cc6ea2-31ea-41c5-9710-a9367b1b706a.jpg"
"de7074b0-6549-49e7-8676-296cdc0ba74f","102","战斧 GeForce RTX 5060 Ti DUO 16GB V2","/content/upload/form/102/202606/1ff32d8a-61ce-4682-a7b4-e6a12e71f73f.jpg"
"e3c74ab9-e952-48bd-a05e-72e5f1488f6f","102","战斧 GeForce RTX 5060 Ti DUO 8GB V2","/content/upload/form/102/202606/b6a39041-054e-4047-9cfc-ab5abfd4fc48.jpg"
"e22d12e3-db5e-4ec5-811f-c9e67a66800e","102","战斧 GeForce RTX 5060 Ti 豪华版 8GB V2","/content/upload/form/102/202606/49b29454-0e5a-48a0-94c8-127ab43bca97.jpg"
"233b6938-2248-48da-96f7-373b825198c3","102","战斧 GeForce RTX 3060 DUO 12G V4 L","/content/upload/form/102/202509/bd6865b5-7f02-4a7c-b90b-d90178598c46.jpg"
"526ac7f6-86cd-43f0-a299-81c5bd47b330","102","iGame GeForce RTX 5060 Ti Ultra W DUO 16GB","/content/upload/form/102/202506/5aa670af-81d3-4d45-8190-832fe43e6cd3.jpg"
"dfb86925-ca90-4e3f-9cb6-a330ae85a63f","102","iGame GeForce RTX 5060 Ti Ultra W DUO 8GB","/content/upload/form/102/202506/717e8c02-9db6-43d5-b620-bfe0fb0f0bdb.jpg"
"153ecd3f-16d6-42e0-9534-e1e06a6f76fd","102","iGame GeForce RTX 5060 Ti Ultra W 16GB","/content/upload/form/102/202506/74d699c2-bd83-4e11-adf7-db3dd1c6e28e.jpg"
"ce582d94-e1cd-4d57-bb41-fd04b115fd89","102","iGame GeForce RTX 5060 Ti Ultra W 8GB","/content/upload/form/102/202506/5ac4b6be-38d6-48ac-bbc2-53c20dd1164d.jpg"
"094b8b4b-8d3d-4898-aeec-46288db33660","102","iGame GeForce RTX 5060 Ti Advanced 8GB","/content/upload/form/102/202506/e8b97ee0-06ac-4982-9cf9-895c352ceaf3.jpg"
"4276c3c6-ff48-40dc-b48b-79ccfb6bab8c","102","iGame GeForce RTX 5060 Ti Advanced 16GB","/content/upload/form/102/202506/484bece5-a8ef-4007-adec-b33bd1cc75b3.jpg"
"3e85eb5f-5be7-4473-982e-420d9223a7a5","102","COLORFIRE GeForce RTX 5070 橘影橙 12GB","/content/upload/form/102/202506/d4ede474-5284-4851-9d13-751aeef1b84c.jpg"
"a7b06348-dee3-483d-81f7-ebeadfdb4a69","102","战斧 GeForce RTX 5070 Ti 豪华版 SFF 16GB(战斧 GeForce RTX 5070 Ti 豪华版 SFF 16GB-T)","/content/upload/form/102/202505/fc790336-daf9-40b8-9c45-dc10c6ef1b8c.jpg"
"01289c07-3b85-4842-bf30-e0facecba91d","102","COLORFIRE GeForce RTX 5070 Ti 橘影橙 16GB","/content/upload/form/102/202505/d6eac639-86eb-4af5-8835-ee01fc729cfb.jpg"
"926d2b8d-db1c-48b6-941a-0ec78f37bf84","102","COLORFIRE GeForce RTX 5060 橘影橙 8GB","/content/upload/form/102/202505/5852d0d5-75c1-4777-82c4-a0e0076efa6d.jpg"
"3a493423-cd97-4b42-af44-adac407f0841","102","COLORFIRE GeForce RTX 5060 橘影橙 DUO 8GB","/content/upload/form/102/202505/de8a193a-8a28-4bcd-a82a-9422780d85be.jpg"
"292e868f-1450-47e4-8177-f0fade197646","102","COLORFIRE GeForce RTX 5060 Ti 橘影橙 DUO 16GB","/content/upload/form/102/202505/a2a83a14-43d1-4260-a960-72b67d819297.jpg"
"56a30d51-5a80-4b97-856b-0933bf8b2e34","102","COLORFIRE GeForce RTX 5060 Ti 橘影橙 DUO 8GB","/content/upload/form/102/202505/43abb43b-c083-422d-9b74-c3fe2ef39dd6.jpg"
"22c6c912-8491-478c-844b-bc8f56a80090","102","iGame GeForce RTX 4060 Ultra W OC 8GB V3","/content/upload/form/102/202504/26a42e65-2f24-4ecc-b1b3-55039adee6d5.png"
"fb186a18-48ac-404f-bb85-dd44e1973546","102","COLORFIRE GeForce RTX 5060 Ti 橘影橙 8GB","/content/upload/form/102/202504/43347248-c4dc-40e4-98a4-18d1548a218c.jpg"
"065a9b4e-17ac-431c-8855-4cf8106fff2e","102","COLORFIRE GeForce RTX 5060 Ti 橘影橙 16GB","/content/upload/form/102/202504/c8cbf913-cb6e-4d12-a2fc-8b81601a669c.jpg"
"6acdfd31-8efb-4d62-8a12-bb615a185b05","102","战斧 GeForce RTX 5070 豪华版 12GB V2(战斧 GeForce RTX 5070 豪华版 12GB V2-T)","/content/upload/form/102/202504/71d6f5d6-1806-481e-b2ca-79df7ea70bd1.jpg"
"02d14007-f486-4878-9add-29df2fa0d263","102","战斧 GeForce RTX 5060 Ti DUO 8GB(战斧 GeForce RTX 5060 Ti DUO 8GB-T)","/content/upload/form/102/202504/0a4ad1e3-f49b-462a-8f5f-8e70ce36cd2f.jpg"
"50f7f597-c6cd-4bb4-85f1-6cf41d3ec70b","102","战斧 GeForce RTX 5060 Ti 豪华版 8GB","/content/upload/form/102/202504/38e0db6d-cb58-4458-b71c-2ba1da962ea1.jpg"
"b253e35d-d50e-488b-a44b-bfe40e436ed6","102","战斧 GeForce RTX 5060 Ti DUO 16GB(战斧 GeForce RTX 5060 Ti DUO 16GB-T)","/content/upload/form/102/202504/160686f8-0c41-4fcc-ba54-5d9ae26b8a60.jpg"
"77eabd28-5e14-4bac-9963-7cbaa3f6370e","102","战斧 GeForce RTX 5060 Ti 豪华版 16GB(战斧 GeForce RTX 5060 Ti 豪华版 16GB-T)","/content/upload/form/102/202504/ffac8d6d-f0ba-41df-b614-bd22e955d0b7.jpg"
"434dfd4d-eb39-42fa-b338-d59298b9306d","102","iGame GeForce RTX 5070 Advanced 12GB","/content/upload/form/102/202503/812011ba-00f6-439d-9180-2f30452760ed.jpg"
"476c4100-cce2-46ff-aa74-f597e8d23135","102","iGame GeForce RTX 5070 Ultra W 12GB","/content/upload/form/102/202503/5cfc3dfe-fbf4-462a-bec1-00a2cb252057.jpg"
"a7cacfeb-5c06-4cac-bfe9-5c2b2df0faa9","102","iGame GeForce RTX 5070 Vulcan 12GB","/content/upload/form/102/202503/751092ad-d68a-48a4-9559-ecae4520ce49.jpg"
"0a3cdd9c-4bd3-44c2-a407-6c717f627241","102","iGame GeForce RTX 5070 Ti Ultra W 16GB","/content/upload/form/102/202503/317e53a7-3496-4af3-a723-15f9efec7819.jpg"
"a6eb0e6d-b232-442b-87f2-1351c382623f","102","iGame GeForce RTX 5070 Ti Advanced 16GB","/content/upload/form/102/202503/45363c74-e917-49c9-9438-5f60c0170aae.jpg"
"ced65846-4cbf-47cc-ad63-6abbb9c9812a","102","iGame GeForce RTX 5070 Ti Vulcan 16GB","/content/upload/form/102/202503/7666fd23-9e70-441a-8e1f-7365bb295f78.jpg"
"81b19aad-cae5-46a7-bca7-28d1d9c6c61e","102","战斧 GeForce RTX 5070 豪华版 12GB","/content/upload/form/102/202503/2a6f1712-cc9f-47b2-af37-d601ef02ac43.jpg"
"5df5ef98-d6ab-4087-b127-58ec52e6f653","102","战斧 GeForce RTX 5070 Ti 豪华版 16GB(战斧 GeForce RTX 5070 Ti 豪华版 16GB-T)","/content/upload/form/102/202502/8172a348-1598-48b6-9da7-0222a191ecce.jpg"
"73e7728b-5cd9-4f3c-893b-514f5516fc76","102","iGame GeForce RTX 5080 Ultra W 16GB","/content/upload/form/102/202502/5a049256-c875-478e-b826-7daf8f8dce4b.jpg"
"9e949de3-1072-4de4-a58d-1f75b5d40373","102","iGame GeForce RTX 5080 Advanced 16GB","/content/upload/form/102/202502/31fd051f-0bf6-4c52-a0e6-71de2984eb1b.jpg"
"34075ef7-3cf6-4446-9d2d-5947387aa55f","102","iGame GeForce RTX 5080 Neptune 16GB","/content/upload/form/102/202502/3fd9a515-a13d-4c45-b0cf-b80207e831b3.jpg"
"ac650c92-3b9d-4684-8feb-6f9c8c53eda3","102","iGame GeForce RTX 5080 Vulcan 16GB","/content/upload/form/102/202502/a2fe6edf-8987-491a-a6ab-b54ff9df03e6.jpg"
"18b8671d-61f1-4d92-bb4c-549db52078ae","102","iGame GeForce RTX 5090 D Vulcan W 32GB","/content/upload/form/102/202503/a211ff51-a154-4968-a922-892bb7e0bd56.jpg"
"bcd5ce6b-8c0d-44fc-8e94-207bec5d23b7","102","iGame GeForce RTX 5090 D Advanced 32GB","/content/upload/form/102/202502/129a64b1-aa54-4738-8596-10cd0fc517ef.jpg"
"affe7ecd-d9a7-41d7-92eb-80ee9cfb0191","102","iGame GeForce RTX 5090 D Neptune 32GB","/content/upload/form/102/202502/8ff68720-c2dd-4f05-ba53-5b286976f9fd.jpg"
"dfb4086b-c0cb-4a6b-b4d8-02d6fb24b3c4","102","iGame GeForce RTX 5090 D Vulcan 32GB","/content/upload/form/102/202502/dddaa0b5-43a1-449b-abd0-e174eb6d8fe5.jpg"
"ef43445e-2ceb-4147-af0a-5fff62fd1363","102","iGame GeForce RTX 4060 Ultra W DUO OC 8GB V3","/content/upload/form/102/202502/5f0bdc9f-7222-4f47-905c-1f03e3eb9272.jpg"
"6187ca84-8754-4da9-a3bf-9a8e002befd9","102","战斧 GeForce RTX 4060 DUO 8GB V5","/content/upload/form/102/202501/c8feede1-2eff-4f92-b710-e2f48bc574f3.jpg"
"3c457c62-3614-44c4-95c9-7e30b7f39c12","102","战斧 GeForce RTX 4060 豪华版 8GB V3","/content/upload/form/102/202501/9660424e-7f0f-4928-aac8-1f3ead6d5cb6.jpg"
"341bf650-42aa-4891-91af-d5be7c93315e","102","COLORFIRE GeForce RTX 4070 橘影橙 12GD6","/content/upload/form/102/202409/553b552e-ab52-4a20-902f-1c8cd761aaf5.jpg"
"aff152bf-ba9f-4efd-aac8-aa24aef22385","102","iGame GeForce RTX 4070 Ultra W DUO OC 12GD6","/content/upload/form/102/202409/694d109b-1349-4478-a718-a5e4669cda48.jpg"
"df1ad0fe-4df9-47c3-85bc-d9419c7cae59","102","iGame GeForce RTX 4070 Ultra Z OC 12GD6","/content/upload/form/102/202409/3245b028-cdab-422c-9eba-fc12a9766dc7.jpg"
"610a7b2c-0f65-4782-bdc0-a9e504f54a98","102","战斧 GeForce RTX 4070 豪华版 12GD6","/content/upload/form/102/202409/3e186dee-efe7-4ded-8d65-5fc9210341f7.jpg"
"bb6768f3-2bb3-4130-a329-e3e08c454117","102","iGame GeForce RTX 4080 SUPER Advanced OC 16GB x 黑神话:悟空","/content/upload/form/102/202408/40643a03-2d65-4cdc-8f23-f58aae5976bc.jpg"
"c89fe2e7-aae3-4014-b7ce-0b234321cb78","102","iGame GeForce RTX 4070 Ti SUPER Ultra W OC 16GB V3","/content/upload/form/102/202408/56a5b60d-1634-4f6f-8355-9620151c7d3e.jpg"
"d2ce5d72-9415-48de-96cf-05435c8c979d","102","iGame GeForce RTX 4070 Ti SUPER Ultra W OC 16GB V2","/content/upload/form/102/202408/9187df25-7375-4938-b1a9-f750c320202e.jpg"
"a27cc248-f297-43b4-a440-34bd8aea3897","102","iGame GeForce RTX 4070 Ti SUPER Vulcan W OC 16GB V2","/content/upload/form/102/202406/1ff68e3f-b9dd-4226-8758-d06b1670eb0d.JPG"
"951619eb-5066-4258-810e-c5ec2bbd32be","102","iGame GeForce RTX 4070 Ti SUPER Advanced OC 16GB V3","/content/upload/form/102/202406/eac661f5-0509-42cd-9cd6-9597913dc10d.jpg"
"e6aad4de-b866-43c0-97f2-c37ca7c4e287","102","iGame GeForce RTX 4070 Ti SUPER Vulcan W OC 16GB V3","/content/upload/form/102/202406/89982f6e-a25a-4597-937b-8b59ea4225cf.jpg"
"e9ea02f0-5a25-43af-bb43-1ca0ce195327","102","iGame GeForce RTX 4070 Ti SUPER Vulcan OC 16GB V3","/content/upload/form/102/202406/dccbc3b2-0183-4af7-b627-23b76cb51a69.jpg"
"64960701-1c03-4cfe-8b3b-d59dc2d4f3c7","102","iGame GeForce RTX 4070 Ti SUPER Vulcan OC 16GB V2","/content/upload/form/102/202406/b80d6c0b-b7d3-4f40-b781-e8da420ffc68.JPG"
"41bc6db5-f1de-4cad-9fe5-f68577a36608","102","iGame GeForce RTX 4070 Ti SUPER Advanced OC 16GB V2","/content/upload/form/102/202406/d207ac42-eab5-4337-80ec-72024f9025cd.jpg"
"d0873b71-e3e3-41ad-a076-3c26f6f5c5f9","102","战斧 GeForce RTX 4060 Ti DUO 8GB V2","/content/upload/form/102/202406/f853e4f8-db4c-4c59-a145-312879ea2464.jpg"
"105ef2ac-ceab-4dc3-a437-bf2c585aa2cf","102","iGame GeForce RTX 4070 Ti SUPER Ultra Z OC 16GB","/content/upload/form/102/202406/40a768f3-7c6f-4a10-a2d4-918f2b5f7739.jpg"
"1885bdaa-e87b-4c8d-9f7a-61499b393297","102","iGame GeForce RTX 4070 SUPER Ultra Z OC 12GB","/content/upload/form/102/202406/e5430339-363b-4ae4-95e3-d4274d774fb5.jpg"
"4975621d-3b57-408e-84b9-b2f072c4199a","102","iGame GeForce RTX 4070 Ultra Z OC 12GB V2","/content/upload/form/102/202406/62e3cf37-6c67-4382-ad05-02ed05a1b3dc.jpg"
"133e95a5-adc8-48b8-bf2b-4a935cc756da","102","iGame GeForce RTX 4070 Vulcan 12GB V2","/content/upload/form/102/202405/ae7b3bf0-86b2-452b-911e-316f4a73ca89.jpg"
"c1d32c9b-749d-49ac-a9f0-878c3421640d","102","iGame GeForce RTX 4060 Ultra W 8GB V2","/content/upload/form/102/202405/a6aee2b2-aae6-4bce-ac82-6a076f7d72b6.jpg"
"df927ba8-407f-4e7d-acbb-612d117ba8a8","102","iGame GeForce RTX 4060 Ti Ultra W OC 8GB V2","/content/upload/form/102/202405/be547988-38d3-4f7d-8a72-d1846ab4da1d.jpg"
"ec5f37c4-1034-43e2-b6a6-b74847535c61","102","战斧 GeForce RTX 4060 Ti 豪华版 8GB V2","/content/upload/form/102/202405/26199ee1-069d-44eb-b940-1c7e4d1e2d2a.jpg"
"65177cc4-b286-4633-9f2d-f43bdb376ac7","102","iGame GeForce RTX 4060 Ultra W DUO 8GB V2","/content/upload/form/102/202405/99d20794-75f5-45f8-97b3-441c22b0cf24.jpg"
"7e0bedd8-fe6b-45f7-8065-11ffe8e9b075","102","iGame GeForce RTX 4070 Ti SUPER Vulcan 16GB","/content/upload/form/102/202404/b4714b2d-7dd7-4568-8ec9-f81a8a886356.jpg"
"529d1ef2-cf1e-4f67-b027-e367ac7fdd74","102","iGame GeForce RTX 4070 Ti SUPER Advanced 16GB","/content/upload/form/102/202404/fa2966bb-38f3-46b0-9bdd-c02a98b2f952.jpg"
"5443ff94-c430-4a89-a866-915530ce9e12","102","iGame GeForce RTX 4080 SUPER Neptune 16GB","/content/upload/form/102/202404/7bcc11f4-2cbb-4b0f-8e0a-abafd0a81b43.jpg"
"92e6bb43-79c3-4d5e-b00b-33240406162d","102","iGame GeForce RTX 4070 Vulcan OC 12GB V2","/content/upload/form/102/202404/8b651d46-0b39-49cf-b5b7-6d7c1e1ed228.jpg"
"5e1cb310-edf7-4e2c-b51a-4d4c3e08561a","102","iGame GeForce RTX 4070 Advanced OC 12GB V2","/content/upload/form/102/202404/2c79f3e0-38db-4d9d-88b0-2eff046c53b0.jpg"
"c4b0c000-87c3-48da-aea0-8d7a825f8a49","102","iGame GeForce RTX 4070 Ultra W DUO OC 12GB V2","/content/upload/form/102/202404/e548ad91-e3f6-488d-9ad9-75655c74287e.jpg"
"db9dfb93-82ef-4d71-91b7-fb6c0bd77425","102","战斧 GeForce RTX 3060 DUO 12GB V3 L","/content/upload/form/102/202404/612c2cfa-e093-4915-acfe-d97ad0ec4648.jpg"
"c869dd5e-310d-44a4-a3b8-63a84142a615","102","iGame GeForce RTX 4070 SUPER 龙年限定 12GB","/content/upload/form/102/202404/4325f91d-5035-4714-801a-32c3fed484d1.jpg"
"0d6924b9-a516-4eaf-90f8-859ea152333f","102","战斧 GeForce RTX 4070 豪华版 12GB V2","/content/upload/form/102/202404/f292f9c2-9660-42b4-bb79-701a32236002.jpg"
"693b73b2-7626-4ba0-959d-a790e0c7ce29","102","iGame GeForce RTX 4070 Ti SUPER 雾山五行定制版 OC 16GB","/content/upload/form/102/202404/b3710096-784d-4cae-bb03-8b69fbac4452.jpg"
"ca1b4971-5840-469e-86f5-cab14f89bf4d","102","iGame GeForce RTX 4070 SUPER 雾山五行定制版 OC 12GB","/content/upload/form/102/202404/8a6481ef-76ac-42c9-8d68-9a84988124ae.jpg"
"f2938b87-e0d0-4673-bf62-3d1568c01236","102","COLORFIRE GeForce RTX 4070 橘影橙 12GB V2","/content/upload/form/102/202404/b68331a2-df29-4315-b3e9-1cde3c7b5b79.jpg"
"0bdbcf67-3773-4d0a-a121-38f3c38e52db","102","战斧 GeForce RTX 4060 豪华版 8GB V2","/content/upload/form/102/202404/79688adc-43bd-4591-8df6-38abc380299d.jpg"
"4b69412f-4832-4b4d-96d6-d120c5f5f9c8","102","iGame GeForce RTX 4070 Ultra W OC 12GB V3","/content/upload/form/102/202404/6e67ec76-6b72-4c62-a621-83810c2e2d22.jpg"
"bc3c78b5-0120-4cb4-bd02-694227ea2836","102","iGame GeForce RTX 4060 Ultra W DUO OC 8GB V2","/content/upload/form/102/202404/90e19b74-9684-47a0-86a9-42ed60d09cbc.jpg"
"d440d559-957a-4f29-b40e-bddb3234a211","102","iGame GeForce RTX 4060 龙年限定 8GB","/content/upload/form/102/202404/ccdf6792-1022-444d-8580-e99bafc8b0b4.jpg"
"02eb0545-3584-45d3-83ea-0e0350265357","102","iGame GeForce RTX 4060 Ti 龙年限定 16GB","/content/upload/form/102/202404/3b5d6185-ba17-4384-91e8-775eafa11d54.jpg"
"c4bb96ec-3163-4847-a700-8c51641be871","102","iGame GeForce RTX 4060 Ultra W OC 8GB V2","/content/upload/form/102/202404/c4820336-4f85-4203-8d61-44095ec9d53a.jpg"
"e42c7d96-3691-4685-901f-4277b5b7ba4f","102","iGame GeForce RTX 3060 Customization 12G V2","/content/upload/form/102/202404/6d960ecd-930a-4a7d-80ac-2ba52da81ee4.jpg"
"2c387fb6-130b-4860-820b-70a0898de202","102","iGame GeForce RTX 4070 SUPER Vulcan 12GB","/content/upload/form/102/202404/e7174436-1a12-47f1-a5ed-70d809d64af2.jpg"
"ad7217f5-a66d-4dff-9ced-857a25a19c5c","102","战斧 GeForce RTX 4060 DUO 8GB V3","/content/upload/form/102/202404/ed383899-72fe-4072-b8e8-845fc4dd52d8.jpg"
"884b9392-79ea-4702-8cd4-8eaabcc19c28","102","iGame GeForce RTX 4080 SUPER 龙年限定 16GB","/content/upload/form/102/202403/3b8d8d5f-5c1d-43fb-9304-272f42428b5d.jpg"
"814693cf-3add-427c-b4c3-12685c1fe34e","102","iGame GeForce RTX 4070 Ti SUPER Vulcan W 16GB","/content/upload/form/102/202403/20b7eb9a-608d-4502-b5a3-9110d23308a3.jpg"
"c5c1593b-5958-4dba-8b78-2b5923a3ac5b","102","iGame GeForce RTX 4070 SUPER Advanced 12GB","/content/upload/form/102/202403/ebb700a4-80f1-47c0-955e-8633c26ce504.jpg"
"3e0ccf10-22ba-473c-b653-341ea50ca494","102","iGame GeForce RTX 4060 Ti 龙年限定 8GB","/content/upload/form/102/202403/c767e6e1-c34d-49b2-b5af-8c7c74799620.jpg"
"cfea6b49-1e25-4166-9bb6-7e782e194a08","102","iGame GeForce RTX 4070 SUPER Ultra W 12GB","/content/upload/form/102/202403/d80fd4e2-cd48-4109-ba8a-45da79b26502.jpg"
"7a99de3e-98dc-45e1-a2f8-d6f292c403cf","102","iGame GeForce RTX 4070 Ti SUPER Ultra W 16GB","/content/upload/form/102/202403/2dc9fe65-b466-4310-b9a1-435fef10a947.jpg"
"c03231d1-4ea1-4b35-92c4-b4cdd8740a1f","102","iGame GeForce RTX 4070 Ti SUPER 龙年限定 16GB","/content/upload/form/102/202403/ebbda6fa-f2ed-4755-ae1b-47baba7f073f.jpg"
"f3480567-7be1-48ff-b4e0-4601d871f695","102","iGame GeForce RTX 4070 SUPER Vulcan W 12GB","/content/upload/form/102/202403/f67057ab-d054-4d7b-9b36-90b1c1129b94.jpg"
"9df8a1ad-612a-4f57-8a9f-6404b32ec79d","102","iGame GeForce RTX 4080 SUPER Vulcan 16GB","/content/upload/form/102/202403/2f23d763-047d-4843-b382-134ab62dafd2.jpg"
"72248ca1-7f06-4ca4-bce0-316814bb0df8","102","iGame GeForce RTX 4080 SUPER Advanced 16GB","/content/upload/form/102/202403/00767a51-03e2-486e-956e-8acd71f05e10.jpg"
"224f973f-c734-4dfe-8ee8-5bd37add3173","102","iGame GeForce RTX 4080 SUPER Vulcan W 16GB","/content/upload/form/102/202403/9ebce06c-58cb-44b7-82c7-404ce3db22ab.jpg"
"944efe47-0656-4996-8629-aa2540567c68","102","COLORFIRE GeForce RTX 4070 SUPER 橘影橙 12GB","/content/upload/form/102/202402/7eba85a2-2034-4a16-af93-2482bd698198.jpg"
"9d687df1-7af0-401b-9eb2-41d9faeb83fc","102","iGame GeForce RTX 4090 D 龙年限定 24GB","/content/upload/form/102/202403/ca040ca1-572e-475d-8217-962f01aa1fc1.JPG"
"e83660e3-fa1f-4074-80d3-dc57b6544208","102","iGame GeForce RTX 4080 SUPER 龙年限定 OC 16GB","/content/upload/form/102/202402/31300485-0024-45bf-8d8a-e03de1e481c5.jpg"
"78cee1f8-2430-4166-ada4-cda9cf07f201","102","iGame GeForce RTX 4070 Ti SUPER 龙年限定 OC 16GB","/content/upload/form/102/202402/e14e942a-7c59-4e95-a418-74cde429fe11.jpg"
"fce47dd1-cdea-408b-8398-d6c167aa3616","102","iGame GeForce RTX 4070 SUPER 龙年限定 OC 12GB","/content/upload/form/102/202402/f23befe9-1d9d-4f16-877c-34d815bab714.jpg"
"a14e35fb-9929-476a-a0bc-9b8360b584c7","102","Colorful GeForce RTX 3050 灵动 6GB","/content/upload/form/102/202402/09583c48-ec14-49a3-be92-4bf465ad7f92.jpg"
"55384b34-6913-45bf-8e96-ee8ddaf9344b","102","战斧 GeForce RTX 3050 DUO 6GB","/content/upload/form/102/202402/823b366d-bf0b-4bdb-bd36-49369f19b777.jpg"
"43572c79-21e4-48d5-a389-abda34c8f2cf","102","战斧 GeForce RTX 3060 DUO 8GB V2","/content/upload/form/102/202401/4f9869c6-3a90-4833-814a-a4459c977ce3.jpg"
"cb03cc7a-75c8-4282-82c1-3cbcbe068352","102","iGame GeForce RTX 4060 Ti 龙年限定 OC 16GB","/content/upload/form/102/202401/d841700e-42d0-4d62-830d-cdd25615ba3f.jpg"
"ada24e36-f467-4d3a-8a8c-72d44e484120","102","iGame GeForce RTX 4060 Ti 龙年限定 OC 8GB","/content/upload/form/102/202401/c528ece7-c160-475d-ac6a-467bf572407d.jpg"
"5275299e-1865-4d9f-9941-39ca0861a030","102","iGame GeForce RTX 4060 龙年限定 OC 8GB","/content/upload/form/102/202401/d1b1dc54-9817-4c71-86c9-fce4d9b7e401.jpg"
"b0c6858c-9add-433c-b42c-35908256c6a6","102","iGame GeForce RTX 4080 SUPER Ultra W OC 16GB","/content/upload/form/102/202401/4228fc90-34f2-436f-8e1c-253ad7881803.jpg"
"e55fcf4e-ee3c-4143-9fa3-51f960595c25","102","iGame GeForce RTX 4080 SUPER Advanced OC 16GB","/content/upload/form/102/202401/fe8d1ced-13c8-4eda-ba9e-1a4e9a35a5fb.jpg"
"1a3ace00-62af-42b9-93b8-4a9a0c159bab","102","iGame GeForce RTX 4080 SUPER Vulcan W OC 16GB","/content/upload/form/102/202401/efa35625-d498-4c88-80ff-4ad8a5d62815.jpg"
"4367fd70-c803-4502-a8ff-160d4a41e3dc","102","iGame GeForce RTX 4080 SUPER Vulcan OC 16GB","/content/upload/form/102/202401/d64257a8-1611-4bbf-8d4a-828397a976d6.jpg"
"08a81a0e-6072-4466-9aef-8acfdd9abc38","102","iGame GeForce RTX 4080 SUPER Neptune OC 16GB","/content/upload/form/102/202401/43c86b80-8e37-472a-a305-ade47073691b.jpg"
"de4af1f8-d6a6-47f1-841c-c630f0a19470","102","战斧 GeForce RTX 4070 Ti SUPER 豪华版 16GB","/content/upload/form/102/202401/4eb0dcc5-dc10-4698-bcc0-847f4e63c18c.jpg"
"8933b0f4-ce4a-41fb-8faf-0296126e58a8","102","iGame GeForce RTX 4070 Ti SUPER Ultra W OC 16GB","/content/upload/form/102/202401/316bc6a6-af0f-4a80-a7ef-1cbb6dbf2597.jpg"
"de49eb47-ff72-4a27-9b82-73d2262e9055","102","iGame GeForce RTX 4070 Ti SUPER Advanced OC 16GB","/content/upload/form/102/202401/75f4517b-242c-4556-8ff5-07f6d518732b.jpg"
"6987582a-6694-49ee-a721-7296c0566027","102","iGame GeForce RTX 4070 Ti SUPER Vulcan OC 16GB","/content/upload/form/102/202401/cb7d62a6-b9cd-4369-acb0-52608733c429.jpg"
"89e70a7e-130d-4203-9442-1c5cd3261c2f","102","iGame GeForce RTX 4070 Ti SUPER Vulcan W OC 16GB","/content/upload/form/102/202401/a64ca189-be2b-4709-9bfa-274e1d54ea5b.jpg"
"911a8690-c35c-4993-8275-34b9d3c534d4","102","iGame GeForce RTX 4070 Ti SUPER Neptune OC 16GB","/content/upload/form/102/202401/64ad8979-c814-459d-b571-0fbc9b0c5e86.jpg"
"c5d25fd3-89d0-4861-bfee-423f03dcd63c","102","战斧 GeForce RTX 4070 SUPER 豪华版 12GB","/content/upload/form/102/202401/109c607b-e9e6-480d-ae90-9935eab57d75.jpg"
"d797fe98-264d-47b2-8b52-50b856175061","102","iGame GeForce RTX 4070 SUPER Ultra W OC 12GB","/content/upload/form/102/202401/1a85dae6-68d8-4c7c-978c-5bd911031c57.jpg"
"2553761c-5caf-480e-b300-9ecf1088d8c6","102","iGame GeForce RTX 4070 SUPER Advanced OC 12GB","/content/upload/form/102/202401/74b7bc59-1e1e-4008-8c81-10abd69b3a4b.jpg"
"95cb972c-e6be-4773-89c7-f2291602a967","102","iGame GeForce RTX 4070 SUPER Vulcan W OC 12GB","/content/upload/form/102/202401/534ec44e-f6e6-4362-90dc-4b162e694ea2.jpg"
"02cf0665-736a-4490-bfed-9dba863059e1","102","iGame GeForce RTX 4070 SUPER Vulcan OC 12GB","/content/upload/form/102/202401/890e986b-09e3-4e06-bd24-35e7121695ae.jpg"
"639c3c40-a948-4837-af7a-b72927a64f27","102","iGame GeForce RTX 4090 D Neptune","/content/upload/form/102/202401/07daa226-2c75-4675-9748-79628a74e8f7.jpg"
"1453efaf-65ce-4003-b38b-277ab9e36e58","102","iGame GeForce RTX 4090 D Vulcan W","/content/upload/form/102/202401/71c4032f-6413-42da-9f86-b9be45f939f2.jpg"
"74c5acad-07c3-4299-bd75-20e0c9251bf5","102","iGame GeForce RTX 4090 D Advanced","/content/upload/form/102/202401/2d17004d-421c-4057-b172-c14de531a84b.jpg"
"45631bdb-af03-447f-b139-a08ca7b44768","102","iGame GeForce RTX 4090 D Vulcan","/content/upload/form/102/202401/f285ac64-aea1-4d02-bbff-7d2cdfaf9d27.jpg"
"29d3fa00-6ee7-4313-939e-7c568d18cbd6","102","iGame GeForce RTX 2060 Ultra","/content/upload/form/102/202401/9e9426bb-ff01-48e1-b038-e50a847caf0f.jpg"
"9424facd-331e-4d9f-8d7e-114e8879515f","102","iGame GeForce RTX 3070 Ultra W V2","/content/upload/form/102/202312/a00392ba-9152-4fbd-89e8-07d15f401ec3.jpg"
"58f2a7b2-d114-4a64-9dbf-87d8682c6e32","102","iGame GeForce RTX 4060 Ti Ultra Z 8GB","/content/upload/form/102/202312/b0ecd8d1-2624-4957-bfb2-845b6f628306.jpg"
"59f8ad51-1d8e-423b-b1a3-8ec419ad5cd6","102","iGame GeForce RTX 3060 Customization OC 12G V2","/content/upload/form/102/202312/274711c6-2065-4895-ab44-cb0937e62c4c.jpg"
"152cba3c-328d-40db-889c-a5cf623c903b","102","镭风 GeForce RTX 3060 清凉薄荷 OC 12G V2 L","/content/upload/form/102/202312/273179e2-5b6c-4a3d-8a93-da02bd26589b.jpg"
"b19a0cfb-7bbd-43a3-95b2-8e418ce087a5","102","iGame GeForce RTX 4060 Ti 雾山五行定制版 8GB","/content/upload/form/102/202312/9d9f118e-e741-4266-9c34-26b14671789a.jpg"
"4e7ba495-3446-49ce-ae7e-c0b5e2e42bbe","102","iGame GeForce RTX 4060 雾山五行定制版 8GB","/content/upload/form/102/202311/62299e12-db79-418b-a22f-b0f9923c1a88.jpg"
"0d59e2de-4b1f-482d-b4a9-d8fcb747e247","102","战斧 GeForce RTX 3060 DUO 12G V3 L","/content/upload/form/102/202311/b117c0bb-04a2-4a27-94e9-c156196901f8.jpg"
"3f165931-ae89-4126-abd5-03a255be3b7c","102","COLORFIRE GeForce RTX 4060 Ti 暗影紫 16GB","/content/upload/form/102/202311/e29500be-026f-4bfc-8a5f-7c60efb69cd7.jpg"
"bf6d7595-133a-41b6-b825-cda23f23fd9b","102","iGame GeForce RTX 4060 Ti Ultra Z 16GB","/content/upload/form/102/202311/352625ce-4e87-4e23-9b92-1988c2d679d0.jpg"
"9a95e770-ef6b-4cd4-8fa1-55dc8de695ea","102","战斧 GeForce RTX 4060 Ti 豪华版 16GB","/content/upload/form/102/202311/ef328aeb-d34e-44f1-bc00-6932701f620b.jpg"
"d10a21c8-ac01-4545-a709-7b3694b83e30","102","iGame GeForce RTX 4060 Ultra Z 8GB","/content/upload/form/102/202311/1e3b08ce-64b3-4200-85eb-dd6f7f300c9a.jpg"
"1f7f7435-d8d1-4004-876f-4238542900c0","102","iGame GeForce RTX 4060 Advanced 8GB","/content/upload/form/102/202311/e9e3821d-aa94-433b-ad6a-a06d9c851411.jpg"
"b554efe0-749e-49c0-8eec-d1cc82eda0ac","102","iGame GeForce RTX 4060 雾山五行定制版 OC 8GB","/content/upload/form/102/202310/f39daa21-519e-40c9-bee9-362047bb5a7d.jpg"
"f6c0abf3-776e-478c-827f-40f67fec1df2","102","iGame GeForce RTX 4060 Ti 雾山五行定制版 OC 16GB","/content/upload/form/102/202311/6d36e10e-53ec-4685-8700-d1d6df789bc1.jpg"
"bf068e89-9abc-4eb9-b746-9d27c4dd75ce","102","iGame GeForce RTX 4060 Ti 雾山五行定制版 OC 8GB","/content/upload/form/102/202310/57f8daed-69a9-4233-a9c5-93a8f4de32b7.jpg"
"1144cd3f-82d0-4878-a30f-7fb2e1726a7e","102","战斧 GeForce GTX 1630 4GD6 V2 C","/content/upload/form/102/202310/74e66606-05ab-4d7c-b9e2-a7b98a9f72bd.JPG"
"738f08e8-2ea4-40d9-b72a-570904a5ed1d","102","七彩虹 GT710 冰爆鲨-1GD3 V3","/content/upload/form/102/202310/e6114a35-5ca7-4a1f-b8b5-ab63f04084ac.JPG"
"4762bb78-ab64-4197-85fe-b44c9b02589a","102","iGame GeForce RTX 4070 Vulcan","/content/upload/form/102/202310/841422bb-2c27-4734-bb04-cf312322dd2c.jpg"
"3423e320-8d1e-49d6-adfe-1e4f6a59ed43","102","iGame GeForce RTX 4060 Ti Mini 8GB","/content/upload/form/102/202310/12f0c288-57c9-4dfc-a039-826a168a6a04.jpg"
"6ac0891f-97e1-4c3f-a748-266aa36910cf","102","iGame GeForce RTX 4060 Ti Mini 16GB","/content/upload/form/102/202310/6f762cba-5247-416b-b3d9-97df1d034e80.jpg"
"ea120bac-4dcc-4645-9dd4-b2ced425e348","102","iGame GeForce RTX 4070 Ti Vulcan W","/content/upload/form/102/202310/a7555fc7-b11e-4d49-9bf4-b9ee5ed1314c.jpg"
"803c28fa-d7f3-4c3c-a6f9-37b5702c40e1","102","iGame GeForce RTX 4070 Ultra W DUO 12GB","/content/upload/form/102/202310/5f4df623-bde4-46e1-8638-984ad5acd803.JPG"
"2030","102","iGame GeForce RTX 4090 Neptune","/uploads/image/2023/02/20230215153215774067.jpg"
"2037","102","iGame GeForce RTX 4090 LAB OC","/uploads/image/2023/03/20230331105357655813.jpg"
"1959","102","战斧 GeForce RTX 4090 豪华版","/uploads/image/2022/10/20221008133420821768.jpg"
"1960","102","iGame GeForce RTX 4090 Vulcan OC","/uploads/image/2023/01/20230104141525779682.jpg"
"1961","102","iGame GeForce RTX 4090 Neptune OC","/uploads/image/2022/09/20220923155719483586.jpg"
"1978","102","iGame GeForce RTX 4090 Vulcan","/uploads/image/2023/01/20230104141356566171.jpg"
"1983","102","iGame GeForce RTX 4090 Advanced OC","/uploads/image/2022/11/20221123141209012634.jpg"
"1992","102","iGame GeForce RTX 4090 Advanced","/uploads/image/2022/11/20221125134127667610.jpg"
"2014","102","iGame GeForce RTX 4090 Vulcan W OC","/uploads/image/2023/01/20230110135909880342.jpg"
"2015","102","iGame 4090 新春礼盒 2023 Vulcan","/uploads/image/2023/01/20230110102833268482.jpg"
"2016","102","iGame 4090 新春礼盒 2023 Advanced","/uploads/image/2023/01/20230110103620383465.jpg"
"2007","102","iGame GeForce RTX 4080 16GB Vulcan W OC","/uploads/image/2023/01/20230110140005205856.jpg"
"2061","102","战斧 GeForce RTX 4080 16GB 豪华版 V2","/uploads/image/2023/06/20230619173931453452.jpg"
"1966","102","iGame GeForce RTX 4080 16GB Neptune OC","/uploads/image/2022/11/20221103133408575436.jpg"
"1972","102","iGame GeForce RTX 4080 16GB Advanced OC","/uploads/image/2022/11/20221108134411565285.jpg"
"1973","102","战斧 GeForce RTX 4080 16GB 豪华版","/uploads/image/2022/11/20221108134132519064.jpg"
"1979","102","iGame GeForce RTX 4080 16GB Ultra W OC","/uploads/image/2022/11/20221121141306182213.jpg"
"1980","102","iGame GeForce RTX 4080 16GB Vulcan OC","/uploads/image/2023/01/20230104141608334314.jpg"
"1984","102","iGame GeForce RTX 4080 16GB Ultra W","/uploads/image/2022/11/20221121141426000423.jpg"
"1985","102","iGame GeForce RTX 4080 16GB Vulcan","/uploads/image/2023/01/20230104141814852434.jpg"
"1991","102","iGame GeForce RTX 4080 16GB Advanced","/uploads/image/2022/11/20221121160108948268.jpg"
"1993","102","iGame GeForce RTX 4080 16GB Neptune","/uploads/image/2022/11/20221125134630884527.jpg"
"2017","102","iGame 4080 16GB 新春礼盒 2023 Vulcan","/uploads/image/2023/01/20230110104547273745.jpg"
"2018","102","iGame 4080 16GB 新春礼盒 2023 Ultra","/uploads/image/2023/01/20230110104948672270.jpg"
"2050","102","iGame GeForce RTX 4070 Ti Vulcan W OC","/uploads/image/2023/04/20230426155303116506.jpg"
"2008","102","iGame GeForce RTX 4070 Ti Vulcan OC","/uploads/image/2023/01/20230109113004646206.jpg"
"2009","102","iGame GeForce RTX 4070 Ti Neptune OC","/uploads/image/2023/01/20230104151802703161.jpg"
"2010","102","战斧 GeForce RTX 4070 Ti 豪华版","/uploads/image/2023/01/20230104151606282106.jpg"
"2011","102","iGame GeForce RTX 4070 Ti Advanced OC","/uploads/image/2023/01/20230110182441921251.jpg"
"2012","102","iGame GeForce RTX 4070 Ti Ultra W OC","/uploads/image/2023/02/20230201165434537512.jpg"
"2019","102","iGame 4070 Ti 新春礼盒 2023 Vulcan","/uploads/image/2023/01/20230110105547672636.jpg"
"2020","102","iGame 4070 Ti 新春礼盒 2023 Advanced","/uploads/image/2023/01/20230110110654137267.jpg"
"2021","102","iGame 4070 Ti 新春礼盒 2023 Ultra","/uploads/image/2023/01/20230110111114383606.jpg"
"2022","102","iGame GeForce RTX 4070 Ti Ultra W","/uploads/image/2023/02/20230201165247263787.jpg"
"2023","102","iGame GeForce RTX 4070 Ti Vulcan","/uploads/image/2023/01/20230130181106456683.jpg"
"2024","102","iGame GeForce RTX 4070 Ti Neptune","/uploads/image/2023/01/20230130181832512153.jpg"
"2025","102","iGame GeForce RTX 4070 Ti Advanced","/uploads/image/2023/01/20230130182452675062.jpg"
"2040","102","iGame GeForce RTX 4070 Vulcan OC","/uploads/image/2023/07/20230727180542197310.jpg"
"2072","102","COLORFIRE GeForce RTX 4070 暗影紫 12GB","/uploads/image/2023/07/20230714143512539878.jpg"
"2073","102","iGame GeForce RTX 4070 Ultra Z OC","/uploads/image/2023/07/20230714143236097268.jpg"
"2051","102","iGame GeForce RTX 4070 Ultra W OC","/uploads/image/2023/05/20230510114120255836.jpg"
"2060","102","iGame GeForce RTX 4070 Ultra W","/uploads/image/2023/06/20230619160436653767.jpg"
"2045","102","战斧 GeForce RTX 4070 豪华版","/uploads/image/2023/04/20230414180949800876.jpg"
"2057","102","COLORFIRE GeForce RTX 4070 橘影橙","/uploads/image/2023/06/20230601140110317464.jpg"
"2041","102","iGame GeForce RTX 4070 Neptune OC","/uploads/image/2023/04/20230414182528225284.jpg"
"2042","102","iGame GeForce RTX 4070 Advanced OC","/uploads/image/2023/04/20230414182453325367.jpg"
"2043","102","iGame GeForce RTX 4070 Ultra W OC V2","/uploads/image/2023/04/20230414182337730162.jpg"
"2044","102","iGame GeForce RTX 4070 Ultra W V2","/uploads/image/2023/04/20230414182225111386.jpg"
"2048","102","iGame GeForce RTX 4070 Advanced","/uploads/image/2023/04/20230426153528879060.jpg"
"2049","102","iGame GeForce RTX 4070 Neptune","/uploads/image/2023/04/20230426154329290615.jpg"
"2054","102","iGame GeForce RTX 4060 Ti Ultra W OC 8GB","/uploads/image/2023/05/20230519150718685068.jpg"
"2085","102","iGame GeForce RTX 4060 Ti Mini OC 16GB","/uploads/image/2023/08/20230821105518124436.jpg"
"2084","102","iGame GeForce RTX 4060 Ti Mini OC 8GB","/uploads/image/2023/08/20230821105437066187.jpg"
"2087","102","iGame GeForce RTX 4060 Ti Ultra W DUO 16GB","/uploads/image/2023/08/20230816103903085131.jpg"
"2082","102","COLORFIRE GeForce RTX 4060 Ti 暗影紫 OC 16GB","/uploads/image/2023/08/20230804141811233576.jpg"
"2080","102","COLORFIRE GeForce RTX 4060 Ti 橘影橙 OC 16GB","/uploads/image/2023/08/20230804141200136806.jpg"
"2081","102","COLORFIRE GeForce RTX 4060 Ti 暗影紫 8GB","/uploads/image/2023/08/20230804141508622860.jpg"
"2079","102","战斧 GeForce RTX 4060 Ti 豪华版 OC 16GB","/uploads/image/2023/08/20230804141339123632.jpg"
"2078","102","战斧 GeForce RTX 4060 Ti DUO 16GB","/uploads/image/2023/07/20230725111314044213.jpg"
"2074","102","iGame GeForce RTX 4060 Ti Ultra W DUO OC 16GB","/uploads/image/2023/07/20230727175317440068.jpg"
"2075","102","iGame GeForce RTX 4060 Ti Ultra W OC 16GB","/uploads/image/2023/07/20230727171911256067.jpg"
"2076","102","iGame GeForce RTX 4060 Ti Advanced OC 16GB","/uploads/image/2023/07/20230727171549801240.jpg"
"2077","102","iGame GeForce RTX 4060 Ti Advanced 8GB","/uploads/image/2023/07/20230727171357663273.jpg"
"2062","102","iGame GeForce RTX 4060 Ti Advanced OC 8GB","/uploads/image/2023/07/20230727171211688365.jpg"
"2053","102","iGame GeForce RTX 4060 Ti Ultra W DUO OC 8GB","/uploads/image/2023/05/20230519150831685106.jpg"
"2058","102","COLORFIRE GeForce RTX 4060 Ti 橘影橙 8GB","/uploads/image/2023/06/20230601140203857406.jpg"
"2059","102","iGame GeForce RTX 4060 Ti Ultra W 8GB","/uploads/image/2023/06/20230607180855491470.jpg"
"2055","102","战斧 GeForce RTX 4060 Ti DUO 8GB","/uploads/image/2023/05/20230519150652819154.jpg"
"2056","102","战斧 GeForce RTX 4060 Ti 豪华版 8GB","/uploads/image/2023/05/20230519150629882216.jpg"
"2083","102","Colorful GeForce RTX 4060 灵动mini 8GB","/uploads/image/2023/09/20230913101001666471.jpg"
"2064","102","iGame GeForce RTX 4060 Ultra W OC 8GB","/uploads/image/2023/07/20230727175639583206.jpg"
"2071","102","COLORFIRE GeForce RTX 4060 暗影紫 8GB","/uploads/image/2023/07/20230727180215182378.jpg"
"2065","102","战斧 GeForce RTX 4060 DUO 8GB","/uploads/image/2023/07/20230727180427481506.jpg"
"2066","102","战斧 GeForce RTX 4060 豪华版 8GB","/uploads/image/2023/07/20230727180359636276.jpg"
"2067","102","iGame GeForce RTX 4060 Ultra W DUO OC 8GB","/uploads/image/2023/07/20230727175446805353.jpg"
"2068","102","iGame GeForce RTX 4060 Ultra W DUO 8GB","/uploads/image/2023/07/20230727175519730653.jpg"
"2069","102","COLORFIRE GeForce RTX 4060 橘影橙 8GB","/uploads/image/2023/07/20230727180003140064.jpg"
"2070","102","iGame GeForce RTX 4060 Ultra W 8GB","/uploads/image/2023/07/20230727175705545138.jpg"
"1944","102","iGame GeForce RTX 3090 Ti Vulcan","/uploads/image/2022/05/20220525100230790067.jpg"
"1945","102","iGame GeForce RTX 3090 Ti Neptune","/uploads/image/2022/05/20220530112522722765.jpg"
"1935","102","iGame GeForce RTX 3090 Ti Vulcan OC","/uploads/image/2022/03/20220329174823537506.jpg"
"1934","102","iGame GeForce RTX 3090 Ti Neptune OC","/uploads/image/2022/03/20220329170753477842.jpg"
"1933","102","战斧 GeForce RTX 3090 Ti 豪华版","/uploads/image/2022/03/20220329161156669131.jpg"
"1835","102","iGame GeForce RTX 3090 Kudan","/uploads/image/2021/06/20210629165144266765.jpg"
"1784","102","iGame GeForce RTX 3090 Neptune OC","/uploads/image/2020/11/20201120115943678234.jpg"
"1810","102","iGame GeForce RTX 3090 Neptune","/uploads/image/2021/04/20210406135230058251.jpg"
"1777","102","iGame GeForce RTX 3090 Vulcan OC","/uploads/image/2020/10/20201030120123747545.jpg"
"1778","102","iGame GeForce RTX 3090 Vulcan","/uploads/image/2020/10/20201030115702181736.jpg"
"1767","102","iGame GeForce RTX 3090 Advanced OC","/uploads/image/2020/09/20200924162308272064.jpg"
"1768","102","iGame GeForce RTX 3090 Advanced","/uploads/image/2020/09/20200924162202674143.jpg"
"1769","102","战斧 GeForce RTX 3090","/uploads/image/2020/09/20200924162441295480.jpg"
"1898","102","战斧 GeForce RTX 3080 Ti 豪华版","/uploads/image/2021/11/20211101162215723673.jpg"
"1859","102","iGame GeForce RTX 3080 Ti Vulcan X OC","/uploads/image/2021/08/20210810182509046435.jpg"
"1827","102","iGame GeForce RTX 3080 Ti Vulcan OC","/uploads/image/2021/06/20210601151907974206.jpg"
"1861","102","iGame GeForce RTX 3080 Ti Vulcan","/uploads/image/2021/08/20210813110849176634.jpg"
"1828","102","iGame GeForce RTX 3080 Ti Advanced OC","/uploads/image/2021/06/20210601153802010806.jpg"
"1862","102","iGame GeForce RTX 3080 Ti Advanced","/uploads/image/2021/08/20210813141426583121.jpg"
"1829","102","战斧 GeForce RTX 3080 Ti","/uploads/image/2021/06/20210601154744062138.jpg"
"1922","102","iGame GeForce RTX 3080 Vulcan OC 12G LHR","/uploads/image/2022/01/20220114165413051061.jpg"
"1928","102","iGame GeForce RTX 3080 Vulcan 12G LHR","/uploads/image/2022/03/20220309110309403782.jpg"
"1923","102","iGame GeForce RTX 3080 Advanced OC 12G LHR","/uploads/image/2022/01/20220114170607296162.jpg"
"1930","102","iGame GeForce RTX 3080 Advanced 12G LHR","/uploads/image/2022/03/20220309113016863854.jpg"
"1924","102","iGame GeForce RTX 3080 Ultra W OC 12G LHR","/uploads/image/2022/01/20220114171419005750.jpg"
"1931","102","iGame GeForce RTX 3080 Ultra W 12G LHR","/uploads/image/2022/03/20220309113759171236.jpg"
"1925","102","战斧 GeForce RTX 3080 12G 豪华版 LHR","/uploads/image/2022/01/20220114172323216406.jpg"
"1904","102","战斧 GeForce RTX 3080 10G 豪华版 LHR","/uploads/image/2021/11/20211115154033696536.jpg"
"1759","102","战斧 GeForce RTX 3080 10G","/uploads/image/2020/09/20200917175531365514.jpg"
"1892","102","战斧 GeForce RTX 3080 10G LHR","/uploads/image/2021/10/20211022160356298431.jpg"
"1803","102","iGame GeForce RTX 3080 Neptune OC 10G","/uploads/image/2021/01/20210111112751581734.jpg"
"1884","102","iGame GeForce RTX 3080 Neptune 10G LHR","/uploads/image/2021/09/20210929145851817063.jpg"
"1855","102","iGame GeForce RTX 3080 Neptune OC 10G LHR","/uploads/image/2021/07/20210721145237171768.jpg"
"1811","102","iGame GeForce RTX 3080 Neptune 10G","/uploads/image/2021/04/20210406140107808583.jpg"
"1856","102","iGame GeForce RTX 3080 Vulcan OC 10G LHR","/uploads/image/2021/07/20210723095526158275.jpg"
"1857","102","iGame GeForce RTX 3080 Vulcan 10G LHR","/uploads/image/2021/07/20210723114727472765.jpg"
"1787","102","iGame GeForce RTX 3080 Vulcan X OC 10G","/uploads/image/2020/11/20201126150411818106.jpg"
"1766","102","iGame GeForce RTX 3080 Vulcan OC 10G","/uploads/image/2020/09/20200919115938147314.jpg"
"1758","102","iGame GeForce RTX 3080 Vulcan 10G","/uploads/image/2020/09/20200917175759237613.jpg"
"1764","102","iGame GeForce RTX 3080 Advanced OC 10G","/uploads/image/2020/09/20200919115425600341.jpg"
"1756","102","iGame GeForce RTX 3080 Advanced 10G","/uploads/image/2020/09/20200917180152349860.jpg"
"1852","102","iGame GeForce RTX 3080 Advanced OC 10G LHR","/uploads/image/2021/07/20210713175831495065.jpg"
"1885","102","iGame GeForce RTX 3080 Advanced 10G LHR","/uploads/image/2021/09/20210929151537600137.jpg"
"1854","102","iGame GeForce RTX 3080 Ultra W OC 10G LHR","/uploads/image/2021/07/20210715174500271617.jpg"
"1886","102","iGame GeForce RTX 3080 Ultra W 10G LHR","/uploads/image/2021/09/20210929152535922206.jpg"
"1782","102","iGame GeForce RTX 3080 Ultra W OC 10G","/uploads/image/2020/11/20201102180307742635.jpg"
"1794","102","iGame GeForce RTX 3080 Ultra W 10G","/uploads/image/2020/12/20201217163759630682.jpg"
"1853","102","iGame GeForce RTX 3080 Ultra OC 10G LHR","/uploads/image/2021/07/20210715110503184341.jpg"
"1888","102","iGame GeForce RTX 3080 Ultra 10G LHR","/uploads/image/2021/09/20210930160434661806.jpg"
"1757","102","iGame GeForce RTX 3080 Ultra 10G","/uploads/image/2020/09/20200917180001963383.jpg"
"1765","102","iGame GeForce RTX 3080 Ultra OC 10G","/uploads/image/2020/09/20200919115709900813.jpg"
"2038","102","iGame GeForce RTX 3070 Ti Vulcan 8G V2","/uploads/image/2023/03/20230331150616101820.jpg"
"1990","102","iGame GeForce RTX 3070 Ti Vulcan OC 8G V2","/uploads/image/2022/11/20221121114717780068.jpg"
"1989","102","iGame GeForce RTX 3070 Ti Ultra W OC 8G V2","/uploads/image/2022/11/20221121114628020061.jpg"
"1987","102","iGame GeForce RTX 3070 Ti Advanced OC 8G V2","/uploads/image/2022/11/20221115114034677510.jpg"
"2036","102","iGame GeForce RTX 3070 Ti Ultra W 8G V2","/uploads/image/2023/03/20230328191649297357.jpg"
"2033","102","iGame GeForce RTX 3070 Ti Advanced 8G V2","/uploads/image/2023/03/20230328191104656751.jpg"
"1986","102","战斧 GeForce RTX 3070 Ti 8G V2","/uploads/image/2022/11/20221115111948977153.jpg"
"1832","102","战斧 GeForce RTX 3070 Ti 8G","/uploads/image/2021/06/20210618160142625624.jpg"
"1910","102","iGame GeForce RTX 3070 Ti Customization 8G","/uploads/image/2021/11/20211122111055503810.jpg"
"1909","102","iGame GeForce RTX 3070 Ti bilibili E-sports Edition 8G","/uploads/image/2021/11/20211122095946212124.jpg"
"1900","102","iGame GeForce RTX 3070 Ti Customization OC 8G","/uploads/image/2021/11/20211110160417464852.jpg"
"1865","102","iGame GeForce RTX 3070 Ti bilibili E-sports Edition OC 8G","/uploads/image/2021/08/20210817144414954310.jpg"
"1830","102","iGame GeForce RTX 3070 Ti Vulcan OC 8G","/uploads/image/2021/06/20210618160513551306.jpg"
"1860","102","iGame GeForce RTX 3070 Ti Vulcan 8G","/uploads/image/2021/08/20210813101510292341.jpg"
"1831","102","iGame GeForce RTX 3070 Ti Advanced OC 8G","/uploads/image/2021/06/20210618160323038674.jpg"
"1863","102","iGame GeForce RTX 3070 Ti Advanced 8G","/uploads/image/2021/08/20210813144833019063.jpg"
"1846","102","iGame GeForce RTX 3070 Ti Ultra W OC 8G","/uploads/image/2021/07/20210706180446064142.jpg"
"1864","102","iGame GeForce RTX 3070 Ti Ultra W 8G","/uploads/image/2021/08/20210813150444708784.jpg"
"1956","102","iGame GeForce RTX 3070 Customization-Sky LHR","/uploads/image/2022/07/20220728135459298751.jpg"
"1953","102","iGame GeForce RTX 3070 Customization-Sky OC LHR","/uploads/image/2022/07/20220701103209981537.jpg"
"1949","102","战斧 GeForce RTX 3070 豪华版 LHR","/uploads/image/2022/06/20220629201913638763.jpg"
"1845","102","iGame GeForce RTX 3070 bilibili E-sports Edition OC LHR","/uploads/image/2021/07/20210706155409074176.jpg"
"1899","102","iGame GeForce RTX 3070 bilibili E-sports Edition LHR","/uploads/image/2021/11/20211103103105537683.jpg"
"1901","102","iGame GeForce RTX 3070 Customization OC LHR","/uploads/image/2021/11/20211110161254144712.jpg"
"1929","102","iGame GeForce RTX 3070 Customization LHR","/uploads/image/2022/03/20220309111144335150.jpg"
"1802","102","iGame GeForce RTX 3070 Neptune OC","/uploads/image/2021/01/20210111113007526065.jpg"
"1817","102","iGame GeForce RTX 3070 Neptune","/uploads/image/2021/05/20210511114257829106.jpg"
"1890","102","iGame GeForce RTX 3070 Neptune OC LHR","/uploads/image/2021/10/20211013162657640406.jpg"
"1891","102","iGame GeForce RTX 3070 Neptune LHR","/uploads/image/2021/10/20211013163249673060.jpg"
"1878","102","iGame GeForce RTX 3070 Vulcan OC LHR","/uploads/image/2021/09/20210913134734198238.jpg"
"1879","102","iGame GeForce RTX 3070 Vulcan LHR","/uploads/image/2021/09/20210913135603119384.jpg"
"1783","102","iGame GeForce RTX 3070 Vulcan OC","/uploads/image/2020/11/20201105140535640756.jpg"
"1785","102","iGame GeForce RTX 3070 Vulcan","/uploads/image/2020/11/20201117163257457131.jpg"
"1771","102","iGame GeForce RTX 3070 Advanced OC","/uploads/image/2020/10/20201016175504916306.jpg"
"1867","102","iGame GeForce RTX 3070 Advanced LHR","/uploads/image/2021/08/20210818152011246854.jpg"
"1866","102","iGame GeForce RTX 3070 Advanced OC LHR","/uploads/image/2021/08/20210818150631404182.jpg"
"1795","102","iGame GeForce RTX 3070 Advanced","/uploads/image/2020/12/20201217164949516875.jpg"
"1772","102","iGame GeForce RTX 3070 Ultra OC","/uploads/image/2020/10/20201016182308206306.jpg"
"1781","102","iGame GeForce RTX 3070 Ultra W OC","/uploads/image/2020/11/20201102180527814706.jpg"
"1793","102","iGame GeForce RTX 3070 Ultra","/uploads/image/2020/12/20201217155148786638.jpg"
"1796","102","iGame GeForce RTX 3070 Ultra W","/uploads/image/2020/12/20201217165723779756.jpg"
"1851","102","iGame GeForce RTX 3070 Ultra W OC LHR","/uploads/image/2021/07/20210713172535985636.jpg"
"1889","102","iGame GeForce RTX 3070 Ultra W LHR","/uploads/image/2021/10/20211013134550612106.jpg"
"1875","102","战斧 GeForce RTX 3070 V2 LHR","/uploads/image/2021/09/20210913102744002306.jpg"
"1850","102","战斧 GeForce RTX 3070 LHR","/uploads/image/2021/07/20210713164934443521.jpg"
"1773","102","战斧 GeForce RTX 3070","/uploads/image/2020/10/20201016183758453063.jpg"
"1994","102","iGame GeForce RTX 3060 Ti Ultra W OC G6X","/uploads/image/2022/12/20221206152643683538.jpg"
"1970","102","iGame GeForce RTX 3060 Ti Ultra W OC G6X V2","/uploads/image/2022/11/20221102184627142272.jpg"
"2052","102","镭风 GeForce RTX 3060 Ti 清凉薄荷 G6X","/uploads/image/2023/05/20230512170024029406.jpg"
"2046","102","iGame GeForce RTX 3060 Ti Customization G6X","/uploads/image/2023/04/20230421141743363865.jpg"
"2000","102","战斧 GeForce RTX 3060 Ti DUO G6X","/uploads/image/2022/12/20221216153701307062.jpg"
"2047","102","iGame GeForce RTX 3060 Ti Advanced G6X","/uploads/image/2023/04/20230421142716259761.jpg"
"2039","102","iGame GeForce RTX 3060 Ti Advanced G6X V2","/uploads/image/2023/04/20230407141831357341.jpg"
"2004","102","iGame GeForce RTX 3060 Ti Ultra W G6X V2","/uploads/image/2022/12/20221227110129632515.jpg"
"2005","102","iGame GeForce RTX 3060 Ti Advanced OC G6X","/uploads/image/2022/12/20221230103616485681.jpg"
"1988","102","iGame GeForce RTX 3060 Ti Advanced OC G6X V2","/uploads/image/2022/11/20221115114635597065.jpg"
"2029","102","iGame GeForce RTX 3060 Ti Vulcan G6X","/uploads/image/2023/02/20230214174832244186.jpg"
"2027","102","iGame GeForce RTX 3060 Ti Customization OC G6X","/uploads/image/2023/01/20230131143039809636.jpg"
"2026","102","iGame GeForce RTX 3060 Ti Ultra W G6X","/uploads/image/2023/01/20230131103606873467.jpg"
"1880","102","iGame GeForce RTX 3060 Ti Ultra W LHR","/uploads/image/2021/09/20210915164616461342.jpg"
"2003","102","战斧 GeForce RTX 3060 Ti 永劫无间 G6X","/uploads/image/2022/12/20221219174326363417.jpg"
"2002","102","战斧 GeForce RTX 3060 Ti 永劫无间","/uploads/image/2022/12/20221219173459851063.jpg"
"1969","102","iGame GeForce RTX 3060 Ti Vulcan OC G6X","/uploads/image/2022/11/20221102184824223673.jpg"
"1955","102","iGame GeForce RTX 3060 Ti Customization-Sky LHR","/uploads/image/2022/07/20220711104016827240.jpg"
"1939","102","iGame GeForce RTX 3060 Ti Customization-Sky OC LHR","/uploads/image/2022/07/20220711155437031216.jpg"
"1907","102","iGame GeForce RTX 3060 Ti Customization OC LHR","/uploads/image/2021/11/20211115154529209842.jpg"
"1920","102","iGame GeForce RTX 3060 Ti Customization LHR","/uploads/image/2022/01/20220112135223672743.jpg"
"1913","102","iGame GeForce RTX 3060 Ti EDG Edition OC LHR","/uploads/image/2021/12/20211215182141740406.jpg"
"1908","102","iGame GeForce RTX 3060 Ti Mini LHR","/uploads/image/2021/11/20211119104533330617.jpg"
"1902","102","镭风 GeForce RTX 3060 Ti 元气 OC LHR","/uploads/image/2021/11/20211110160900183780.jpg"
"1903","102","镭风 GeForce RTX 3060 Ti 清凉薄荷 OC LHR","/uploads/image/2021/11/20211110160731505210.jpg"
"1897","102","战斧 GeForce RTX 3060 Ti 豪华版 LHR","/uploads/image/2021/11/20211101162056387817.jpg"
"1887","102","iGame GeForce RTX 3060 Ti Mini OC LHR","/uploads/image/2021/09/20210930155200925516.jpg"
"1847","102","iGame GeForce RTX 3060 Ti bilibili E-sports Edition OC LHR","/uploads/image/2021/07/20210706180620632748.jpg"
"1881","102","iGame GeForce RTX 3060 Ti bilibili E-sports Edition LHR","/uploads/image/2021/09/20210922114011991387.jpg"
"1792","102","iGame GeForce RTX 3060 Ti Vulcan OC","/uploads/image/2020/12/20201201195737806067.jpg"
"1800","102","iGame GeForce RTX 3060 Ti Vulcan","/uploads/image/2020/12/20201224175504396637.jpg"
"1848","102","iGame GeForce RTX 3060 Ti Vulcan OC LHR","/uploads/image/2021/07/20210709112820279385.jpg"
"1849","102","iGame GeForce RTX 3060 Ti Vulcan LHR","/uploads/image/2021/07/20210709113259446510.jpg"
"1876","102","iGame GeForce RTX 3060 Ti Advanced LHR","/uploads/image/2021/09/20210913111501078850.jpg"
"1841","102","iGame GeForce RTX 3060 Ti Advanced OC LHR","/uploads/image/2021/07/20210701100032344782.jpg"
"1798","102","iGame GeForce RTX 3060 Ti Advanced","/uploads/image/2020/12/20201224161812406162.jpg"
"1789","102","iGame GeForce RTX 3060 Ti Advanced OC","/uploads/image/2020/12/20201201182935668370.jpg"
"1790","102","iGame GeForce RTX 3060 Ti Ultra OC","/uploads/image/2020/12/20201201183714870636.jpg"
"1791","102","iGame GeForce RTX 3060 Ti Ultra W OC","/uploads/image/2020/12/20201201195854963061.jpg"
"1797","102","iGame GeForce RTX 3060 Ti Ultra","/uploads/image/2020/12/20201224160956328728.jpg"
"1799","102","iGame GeForce RTX 3060 Ti Ultra W","/uploads/image/2020/12/20201224174754729506.jpg"
"1839","102","iGame GeForce RTX 3060 Ti Ultra OC LHR","/uploads/image/2021/07/20210701095820201067.jpg"
"1840","102","iGame GeForce RTX 3060 Ti Ultra W OC LHR","/uploads/image/2021/07/20210701095927333142.jpg"
"1877","102","iGame GeForce RTX 3060 Ti Ultra LHR","/uploads/image/2021/09/20210913112709993750.jpg"
"1843","102","网驰 GeForce RTX 3060 Ti 电竞 LHR","/uploads/image/2021/07/20210701095132221067.jpg"
"1801","102","网驰 GeForce RTX 3060 Ti 电竞","/uploads/image/2021/01/20210111113229182606.jpg"
"1788","102","战斧 GeForce RTX 3060 Ti","/uploads/image/2020/12/20201201181905879658.jpg"
"1842","102","战斧 GeForce RTX 3060 Ti LHR","/uploads/image/2021/07/20210701095652171624.jpg"
"1844","102","战斧 GeForce RTX 3060 Ti DUO LHR","/uploads/image/2021/07/20210702181958282706.jpg"
"1874","102","战斧 GeForce RTX 3060 Ti V2 LHR","/uploads/image/2021/09/20210907141819469545.jpg"
"1871","102","战斧 GeForce RTX 3060 Ti DUO V2 LHR","/uploads/image/2021/09/20210906163209183624.jpg"
"1965","102","iGame GeForce RTX 3060 Ultra W OC 8GB","/uploads/image/2022/10/20221026175854065342.jpg"
"1964","102","iGame GeForce RTX 3060 Advanced OC 8GB","/uploads/image/2022/10/20221026175054570176.jpg"
"2031","102","iGame GeForce RTX 3060 Advanced 8GB","/uploads/image/2023/03/20230307173715118281.jpg"
"2035","102","iGame GeForce RTX 3060 Ultra W 8GB","/uploads/image/2023/03/20230328191438572845.jpg"
"2001","102","战斧 GeForce RTX 3060 永劫无间","/uploads/image/2022/12/20221219172555908240.jpg"
"1819","102","iGame GeForce RTX 3060 Advanced OC 12G L","/uploads/image/2021/05/20210521110314451472.jpg"
"1971","102","战斧 GeForce RTX 3060 豪华版 8GB","/uploads/image/2022/11/20221102184327172278.jpg"
"1963","102","战斧 GeForce RTX 3060 DUO 8GB","/uploads/image/2022/10/20221026175015216706.jpg"
"1818","102","iGame GeForce RTX 3060 Advanced 12G","/uploads/image/2021/05/20210521105107770060.jpg"
"1825","102","iGame GeForce RTX 3060 Ultra W 12G L","/uploads/image/2021/05/20210521151326531745.jpg"
"1824","102","iGame GeForce RTX 3060 Ultra W OC 12G L","/uploads/image/2021/05/20210521150433048134.jpg"
"1807","102","iGame GeForce RTX 3060 Ultra W 12G","/uploads/image/2021/02/20210205112801879475.jpg"
"1805","102","iGame GeForce RTX 3060 Ultra W OC 12G","/uploads/image/2021/01/20210129104812553410.jpg"
"1868","102","战斧 GeForce RTX 3060 DUO 12G V2 L","/uploads/image/2021/08/20210823133843071506.jpg"
"1954","102","iGame GeForce RTX 3060 Customization-Sky 12G L","/uploads/image/2022/07/20220711102941240124.jpg"
"1938","102","iGame GeForce RTX 3060 Customization-Sky OC 12G L","/uploads/image/2022/06/20220629170411527482.jpg"
"1906","102","iGame GeForce RTX 3060 Customization OC 12G L","/uploads/image/2021/11/20211115154455184654.jpg"
"1921","102","iGame GeForce RTX 3060 Customization 12G L","/uploads/image/2022/01/20220112140040677827.jpg"
"1911","102","iGame GeForce RTX 3060 Mini 12G L","/uploads/image/2021/11/20211130164523508810.jpg"
"1905","102","战斧 GeForce RTX 3060 12G 豪华版 L","/uploads/image/2021/11/20211115154255677830.jpg"
"1894","102","镭风 GeForce RTX 3060 清凉薄荷 OC 12G L","/uploads/image/2021/11/20211101150524707564.jpg"
"1893","102","镭风 GeForce RTX 3060 元气 OC 12G L","/uploads/image/2021/11/20211101150730931430.jpg"
"1873","102","iGame GeForce RTX 3060 bilibili E-sports Edition 12G L","/uploads/image/2021/09/20210907105442020306.jpg"
"1872","102","iGame GeForce RTX 3060 bilibili E-sports Edition OC 12G L","/uploads/image/2021/09/20210907104714682768.jpg"
"1836","102","iGame GeForce RTX 3060 bilibili E-sports Edition 12G","/uploads/image/2021/06/20210628090143492342.jpg"
"1816","102","iGame GeForce RTX 3060 bilibili E-sports Edition OC 12G","/uploads/image/2021/05/20210514163544506384.jpg"
"1858","102","iGame GeForce RTX 3060 Mini OC 12G L","/uploads/image/2021/08/20210806091537050364.jpg"
"1804","102","iGame GeForce RTX 3060 Advanced OC 12G","/uploads/image/2021/01/20210129104711234424.jpg"
"1820","102","iGame GeForce RTX 3060 Advanced 12G L","/uploads/image/2021/05/20210521112007471062.jpg"
"1823","102","战斧 GeForce RTX 3060 12G L","/uploads/image/2021/05/20210521140909834264.jpg"
"1822","102","战斧 GeForce RTX 3060 DUO 12G L","/uploads/image/2021/05/20210521120049148706.jpg"
"1812","102","战斧 GeForce RTX 3060 DUO 12G","/uploads/image/2021/04/20210416160818700121.jpg"
"1806","102","战斧 GeForce RTX 3060 12G","/uploads/image/2021/01/20210113115419835217.jpg"
"1808","102","网驰 GeForce RTX 3060 电竞 12G","/uploads/image/2021/02/20210223173311778065.jpg"
"1821","102","网驰 GeForce RTX 3060 电竞 12G L","/uploads/image/2021/05/20210521114916639380.jpg"
"2032","102","iGame GeForce RTX 3050 Ultra W DUO V2","/uploads/image/2023/03/20230324100029359281.jpg"
"1940","102","镭风 GeForce RTX 3050 元气 OC 8G","/uploads/image/2022/04/20220424100044110206.jpg"
"1919","102","iGame GeForce RTX 3050 Ultra W OC 8G","/uploads/image/2022/01/20220107180458598236.jpg"
"1918","102","战斧 GeForce RTX 3050 8G 豪华版","/uploads/image/2022/01/20220107180357723515.jpg"
"1926","102","iGame GeForce RTX 3050 Ultra W DUO OC 8G","/uploads/image/2022/02/20220216171739445258.jpg"
"1932","102","iGame GeForce RTX 3050 Ultra W 8G","/uploads/image/2022/03/20220325115345683541.jpg"
"1941","102","iGame GeForce RTX 3050 Ultra W DUO 8G","/uploads/image/2022/04/20220427124616932283.jpg"
"1948","102","iGame GeForce RTX 3050 Mini OC 8G","/uploads/image/2022/07/20220706113849035548.jpg"
"1996","102","iGame GeForce RTX 3050 Ultra W DUO OC V2","/uploads/image/2022/12/20221215140727527782.jpg"
"1998","102","战斧 GeForce RTX 3050 DUO V2(战斧 GeForce RTX 3050 DUO V2-T)","/uploads/image/2022/12/20221216135152757068.jpg"
"1917","102","战斧 GeForce RTX 3050 DUO 8G","/uploads/image/2022/01/20220107180217788372.jpg"
"1622","102","iGame GeForce RTX 2080 Ti Kudan","/uploads/image/2019/03/20190311115726386606.jpg"
"1594","102","iGame GeForce RTX 2080 Ti RNG Edition","/uploads/image/2018/12/20181225170012452274.jpg"
"1598","102","iGame GeForce RTX 2080 Ti Neptune OC","/uploads/image/2018/12/20181225180019272427.jpg"
"1722","102","iGame GeForce RTX 2080 Ti Neptune","/uploads/image/2019/10/20191031175627395682.jpg"
"1723","102","iGame GeForce RTX 2080 Ti Vulcan OC","/uploads/image/2019/10/20191031180510651482.jpg"
"1642","102","iGame GeForce RTX 2080 Ti Vulcan","/uploads/image/2019/04/20190410115928653765.jpg"
"1562","102","iGame GeForce RTX 2080 Ti Advanced OC","/uploads/image/2018/08/20180830175622495520.jpg"
"1564","102","iGame GeForce RTX 2080 Ti Advanced","/uploads/image/2018/08/20180830175514214728.jpg"
"1630","102","iGame GeForce RTX 2080 Ti AD Lite","/uploads/image/2019/03/20190314111958919458.jpg"
"1569","102","iGame GeForce RTX 2080 Ti 海外版","/uploads/image/2018/10/20181010113647717060.jpg"
"1586","102","iGame GeForce RTX 2080 Ti Vulcan X OC","/uploads/image/2018/12/20181207174326204534.jpg"
"1621","102","Colorful GeForce RTX 2080 Ti Turbo","/uploads/image/2019/03/20190307104347604464.jpg"
"1692","102","iGame GeForce RTX 2080 SUPER Vulcan X OC","/uploads/image/2019/07/20190724094926831364.jpg"
"1713","102","iGame GeForce RTX 2080 SUPER Vulcan OC","/uploads/image/2019/10/20191015093309223386.jpg"
"1714","102","iGame GeForce RTX 2080 SUPER Vulcan","/uploads/image/2019/10/20191015094441739380.jpg"
"1693","102","iGame GeForce RTX 2080 SUPER Advanced OC","/uploads/image/2019/07/20190724100253758068.jpg"
"1724","102","iGame GeForce RTX 2080 SUPER Advanced","/uploads/image/2019/10/20191031181721326561.jpg"
"1695","102","Colorful GeForce RTX 2080 SUPER Gaming ES","/uploads/image/2019/07/20190730153213222163.jpg"
"1593","102","iGame GeForce RTX 2080 RNG Edition","/uploads/image/2018/12/20181225164342006106.jpg"
"1602","102","iGame GeForce RTX 2080 Neptune OC","/uploads/image/2019/05/20190526023556777765.jpg"
"1644","102","iGame GeForce RTX 2080 Neptune","/uploads/image/2019/05/20190526023447934852.jpg"
"1574","102","iGame GeForce RTX 2080 Vulcan X OC","/uploads/image/2018/11/20181102145733106731.jpg"
"1641","102","iGame GeForce RTX 2080 Vulcan","/uploads/image/2019/04/20190409164029316681.jpg"
"1563","102","iGame GeForce RTX 2080 Advanced OC","/uploads/image/2018/09/20180901181920186420.jpg"
"1565","102","iGame GeForce RTX 2080 Advanced","/uploads/image/2018/09/20180901181451991574.jpg"
"1573","102","iGame GeForce RTX 2080 AD Special OC","/uploads/image/2018/11/20181102144656624820.jpg"
"1614","102","iGame GeForce RTX 2080 Advanced OC V3","/uploads/image/2019/05/20190517104126841806.jpg"
"1629","102","iGame GeForce RTX 2080 AD Lite V2","/uploads/image/2019/03/20190314110651585620.jpg"
"1643","102","iGame GeForce RTX 2080 Advanced V3","/uploads/image/2019/04/20190415112347230065.jpg"
"1645","102","iGame GeForce RTX 2080 AD Special","/uploads/image/2019/04/20190415134813045067.jpg"
"1712","102","iGame GeForce RTX 2080 AD Special OC V2","/uploads/image/2019/09/20190910162957428406.jpg"
"1728","102","iGame GeForce RTX 2080 AD Special V2","/uploads/image/2019/11/20191119100431552682.jpg"
"1568","102","iGame GeForce RTX 2080 海外版","/uploads/image/2018/10/20181010110801309876.jpg"
"1619","102","Colorful GeForce RTX 2080 Turbo","/uploads/image/2019/03/20190307100317416714.jpg"
"1608","102","Colorful GeForce RTX 2080 Gaming ES","/uploads/image/2019/01/20190111102148844364.jpg"
"1706","102","iGame GeForce RTX 2070 SUPER Neptune OC","/uploads/image/2019/08/20190820114733661061.jpg"
"1729","102","iGame GeForce RTX 2070 SUPER Neptune","/uploads/image/2019/11/20191119101553039354.jpg"
"1678","102","iGame GeForce RTX 2070 SUPER Vulcan X OC","/uploads/image/2019/07/20190710141213064606.jpg"
"1687","102","iGame GeForce RTX 2070 SUPER Vulcan OC","/uploads/image/2019/07/20190712112814411741.jpg"
"1697","102","iGame GeForce RTX 2070 SUPER Vulcan","/uploads/image/2019/08/20190801110407338238.jpg"
"1698","102","iGame GeForce RTX 2070 SUPER AD Special","/uploads/image/2019/08/20190801111121892406.jpg"
"1683","102","iGame GeForce RTX 2070 SUPER AD Special OC","/uploads/image/2019/07/20190711134938140386.jpg"
"1686","102","iGame GeForce RTX 2070 SUPER Advanced OC","/uploads/image/2019/07/20190711134640596613.jpg"
"1700","102","iGame GeForce RTX 2070 SUPER Advanced","/uploads/image/2019/08/20190801113657902610.jpg"
"1691","102","iGame GeForce RTX 2070 SUPER Ultra OC","/uploads/image/2019/07/20190719095332380762.jpg"
"1699","102","iGame GeForce RTX 2070 SUPER Ultra","/uploads/image/2019/08/20190801111951795606.jpg"
"1717","102","iGame GeForce RTX 2070 SUPER Ultra OC V2","/uploads/image/2019/10/20191016152556404162.jpg"
"1726","102","iGame GeForce RTX 2070 SUPER Ultra V2","/uploads/image/2019/11/20191118120851061583.jpg"
"1690","102","Colorful GeForce RTX 2070 SUPER Gaming ES","/uploads/image/2019/07/20190719095123133257.jpg"
"1601","102","iGame GeForce RTX 2070 RNG Edition","/uploads/image/2019/01/20190102141843720341.jpg"
"1599","102","iGame GeForce RTX 2070 Neptune OC","/uploads/image/2018/12/20181225181529752832.jpg"
"1648","102","iGame GeForce RTX 2070 Neptune","/uploads/image/2019/04/20190415172345857314.jpg"
"1575","102","iGame GeForce RTX 2070 Vulcan X OC","/uploads/image/2018/11/20181102150746265506.jpg"
"1649","102","iGame GeForce RTX 2070 Vulcan","/uploads/image/2019/04/20190415175751380064.jpg"
"1670","102","iGame GeForce RTX 2070 AD Special OC V2","/uploads/image/2019/05/20190531114853659858.jpg"
"1646","102","iGame GeForce RTX 2070 AD Special","/uploads/image/2019/04/20190415143105942474.jpg"
"1620","102","Colorful GeForce RTX 2070 Turbo","/uploads/image/2019/03/20190315180139045543.jpg"
"1581","102","iGame GeForce RTX 2070 AD Special OC","/uploads/image/2018/11/20181119105108186064.jpg"
"1589","102","iGame GeForce RTX 2070 Advanced OC","/uploads/image/2018/12/20181220171611793718.jpg"
"1702","102","iGame GeForce RTX 2070 AD Special V2","/uploads/image/2019/08/20190802154505276767.jpg"
"1647","102","iGame GeForce RTX 2070 Advanced","/uploads/image/2019/04/20190415144208288367.jpg"
"1570","102","iGame GeForce RTX 2070 Ultra OC","/uploads/image/2018/10/20181010140439047640.jpg"
"1571","102","iGame GeForce RTX 2070 Ultra","/uploads/image/2018/10/20181031165648926763.jpg"
"1577","102","iGame GeForce RTX 2070 Ultra OC V2","/uploads/image/2018/11/20181102171222515425.jpg"
"1592","102","iGame GeForce RTX 2070 Ultra V2","/uploads/image/2018/12/20181225155314290157.jpg"
"1615","102","iGame GeForce RTX 2070 Ultra V3","/uploads/image/2019/02/20190222141221868682.jpg"
"1701","102","iGame GeForce RTX 2070 Ultra V2 C","/uploads/image/2019/08/20190801114427776741.jpg"
"1662","102","Colorful GeForce RTX 2070 Gaming ES","/uploads/image/2019/05/20190517103018083247.jpg"
"1623","102","网驰 GeForce RTX 2070 电竞","/uploads/image/2019/03/20190307145649800128.jpg"
"1725","102","网驰 GeForce RTX 2070 电竞 V2","/uploads/image/2019/11/20191105171604504531.jpg"
"1572","102","Colorful GeForce RTX 2070 Gaming GT","/uploads/image/2018/11/20181102143649924832.jpg"
"1688","102","iGame GeForce RTX 2060 SUPER Ultra","/uploads/image/2019/07/20190712140100488714.jpg"
"1937","102","战斧 GeForce RTX 2060 SUPER V2","/uploads/image/2022/04/20220414153324021475.jpg"
"1704","102","iGame GeForce RTX 2060 SUPER Neptune Lite OC","/uploads/image/2019/08/20190806144610395624.jpg"
"1705","102","iGame GeForce RTX 2060 SUPER Neptune Lite","/uploads/image/2019/08/20190806145409113263.jpg"
"1684","102","iGame GeForce RTX 2060 SUPER Vulcan X OC","/uploads/image/2019/07/20190711134308623706.jpg"
"1685","102","iGame GeForce RTX 2060 SUPER Vulcan OC","/uploads/image/2019/07/20190711134436420451.jpg"
"1709","102","iGame GeForce RTX 2060 SUPER Vulcan","/uploads/image/2019/08/20190829155925072720.jpg"
"1689","102","iGame GeForce RTX 2060 SUPER AD Special OC","/uploads/image/2019/07/20190718135826167172.jpg"
"1703","102","iGame GeForce RTX 2060 SUPER AD Special","/uploads/image/2019/08/20190802161932342306.jpg"
"1681","102","Colorful GeForce RTX 2060 SUPER Gaming GT 限量版","/uploads/image/2019/07/20190708171117483726.jpg"
"1710","102","Colorful GeForce RTX 2060 SUPER Gaming GT","/uploads/image/2019/09/20190906145357135570.jpg"
"1677","102","iGame GeForce RTX 2060 SUPER Ultra OC","/uploads/image/2019/07/20190710141511513187.jpg"
"1715","102","iGame GeForce RTX 2060 SUPER Ultra C (A)","/uploads/image/2019/10/20191015160125196321.jpg"
"1716","102","iGame GeForce RTX 2060 SUPER Ultra C (B)","/uploads/image/2019/10/20191015160918126060.jpg"
"1676","102","战斧 GeForce RTX 2060 SUPER","/uploads/image/2019/07/20190710141023068067.jpg"
"1680","102","网驰 GeForce RTX 2060 SUPER 电竞 限量版","/uploads/image/2019/07/20190708170019193846.jpg"
"1708","102","网驰 GeForce RTX 2060 SUPER 电竞","/uploads/image/2019/08/20190820175647884342.jpg"
"1914","102","iGame GeForce RTX 2060 Ultra W OC 12G","/uploads/image/2021/12/20211224172751990283.jpg"
"1838","102","镭风 GeForce RTX 2060 元气满满","/uploads/image/2021/07/20210701101909399237.jpg"
"1837","102","镭风 GeForce RTX 2060 元气满满 OC","/uploads/image/2021/07/20210701101809368646.jpg"
"1942","102","战斧 GeForce RTX 2060 DUO","/uploads/image/2022/04/20220427125444714061.jpg"
"1927","102","iGame GeForce RTX 2060 Ultra W 12G","/uploads/image/2022/03/20220307134233678610.jpg"
"1915","102","战斧 GeForce RTX 2060 豪华版 12G","/uploads/image/2021/12/20211224172639608758.jpg"
"1916","102","战斧 GeForce RTX 2060 DUO 12G","/uploads/image/2021/12/20211224172505079148.jpg"
"1912","102","战斧 GeForce RTX 2060 12G","/uploads/image/2021/12/20211207180112573286.jpg"
"1896","102","网驰 GeForce RTX 2060 电竞 V3","/uploads/image/2021/11/20211101135334590506.jpg"
"1669","102","战斧 GeForce RTX 2060","/uploads/image/2019/06/20190603175134137783.jpg"
"1882","102","战斧 GeForce RTX 2060 V2","/uploads/image/2021/09/20210924143056836816.jpg"
"1603","102","iGame GeForce RTX 2060 Ultra OC","/uploads/image/2019/01/20190108155544810531.jpg"
"1732","102","iGame GeForce RTX 2060 Ultra C","/uploads/image/2019/11/20191119171831118065.jpg"
"1775","102","iGame GeForce RTX 2060 Ultra V2","/uploads/image/2020/10/20201021112229458585.jpg"
"1776","102","iGame GeForce RTX 2060 Ultra V2 C","/uploads/image/2020/10/20201021114215232187.jpg"
"1711","102","iGame GeForce RTX 2060 Vulcan X OC V3","/uploads/image/2019/09/20190910152021796236.jpg"
"1727","102","iGame GeForce RTX 2060 Vulcan V3","/uploads/image/2019/11/20191118161102627272.jpg"
"1668","102","iGame GeForce RTX 2060 Vulcan X OC V2","/uploads/image/2019/05/20190531100619636506.jpg"
"1694","102","iGame GeForce RTX 2060 Vulcan V2","/uploads/image/2019/07/20190730112224653634.jpg"
"1610","102","iGame GeForce RTX 2060 Vulcan X OC","/uploads/image/2019/01/20190121144627599606.jpg"
"1658","102","iGame GeForce RTX 2060 Vulcan","/uploads/image/2019/04/20190423173319057306.jpg"
"1631","102","iGame GeForce RTX 2060 Advanced OC","/uploads/image/2019/03/20190314164547844218.jpg"
"1632","102","iGame GeForce RTX 2060 Advanced","/uploads/image/2019/03/20190314165833306068.jpg"
"1633","102","iGame GeForce RTX 2060 AD Special OC","/uploads/image/2019/03/20190314172318725724.jpg"
"1707","102","iGame GeForce RTX 2060 AD Special","/uploads/image/2019/08/20190820155835955463.jpg"
"1604","102","Colorful GeForce RTX 2060 Gaming GT","/uploads/image/2019/12/20191210100701069764.jpg"
"1606","102","Colorful GeForce RTX 2060 Gaming GT V2","/uploads/image/2019/12/20191210100554005235.jpg"
"1607","102","Colorful GeForce RTX 2060 Gaming ES","/uploads/image/2019/01/20190111100423642170.jpg"
"1613","102","网驰 GeForce RTX 2060 电竞 V2","/uploads/image/2019/01/20190114180104816738.jpg"
"1605","102","网驰 GeForce RTX 2060 电竞","/uploads/image/2019/01/20190108162548486318.jpg"
"1618","102","网驰 GeForce GTX 1660 Ti 电竞 6G","/uploads/image/2019/02/20190222163715108206.jpg"
"1637","102","战斧 GeForce GTX 1660 Ti 6G","/uploads/image/2019/03/20190327145704793062.jpg"
"1638","102","iGame GeForce GTX 1660 Ti Advanced OC 6G","/uploads/image/2019/04/20190401175551257514.jpg"
"1635","102","iGame GeForce GTX 1660 Ti AD Special OC 6G","/uploads/image/2019/05/20190531111120641876.jpg"
"1616","102","iGame GeForce GTX 1660 Ti Ultra 6G","/uploads/image/2019/02/20190227162053242106.jpg"
"1660","102","iGame GeForce GTX 1660 Ti Ultra 6G C","/uploads/image/2019/05/20190506165042771143.jpg"
"1624","102","Colorful GeForce GTX 1660 Ti Gaming ES 6G","/uploads/image/2019/03/20190312145656164834.jpg"
"1617","102","Colorful GeForce GTX 1660 Ti Gaming GT 6G","/uploads/image/2019/02/20190225114641322538.jpg"
"1719","102","战斧 GeForce GTX 1660 SUPER 6G","/uploads/image/2019/10/20191021115134040836.jpg"
"1943","102","战斧 GeForce GTX 1660 SUPER DUO 6G","/uploads/image/2022/05/20220520160547327061.jpg"
"1718","102","网驰 GeForce GTX 1660 SUPER 电竞 6G","/uploads/image/2019/10/20191021113623685148.jpg"
"1895","102","网驰 GeForce GTX 1660 SUPER 电竞 6G V2","/uploads/image/2021/11/20211101120117619834.jpg"
"1813","102","镭风 GeForce GTX 1660 SUPER 元气满满 OC","/uploads/image/2021/04/20210428104445120064.jpg"
"1870","102","镭风 GeForce GTX 1660 SUPER 元气满满","/uploads/image/2021/08/20210825103725973837.jpg"
"1721","102","iGame GeForce GTX 1660 SUPER Advanced OC 6G","/uploads/image/2019/10/20191021135338986615.jpg"
"1730","102","iGame GeForce GTX 1660 SUPER Advanced 6G","/uploads/image/2019/11/20191119155623069272.jpg"
"1720","102","iGame GeForce GTX 1660 SUPER Ultra 6G","/uploads/image/2019/10/20191021133950422584.jpg"
"1731","102","iGame GeForce GTX 1660 SUPER Ultra 6G C","/uploads/image/2019/11/20191119161913204171.jpg"
"1639","102","iGame GeForce GTX 1660 Advanced OC 6G","/uploads/image/2019/04/20190401175405894754.jpg"
"1696","102","iGame GeForce GTX 1660 Advanced 6G","/uploads/image/2019/07/20190731174000857484.jpg"
"1640","102","iGame GeForce GTX 1660 AD Special OC 6G","/uploads/image/2019/05/20190531111155663261.jpg"
"1626","102","iGame GeForce GTX 1660 Ultra 6G","/uploads/image/2019/03/20190313105658480580.jpg"
"1661","102","iGame GeForce GTX 1660 Ultra 6G C","/uploads/image/2019/05/20190506170717273716.jpg"
"1628","102","Colorful GeForce GTX 1660 Gaming ES 6G","/uploads/image/2019/03/20190314103846190306.jpg"
"1625","102","Colorful GeForce GTX 1660 Gaming GT 6G","/uploads/image/2019/03/20190313104202384060.jpg"
"1674","102","Colorful GeForce GTX 1660 Gaming GT 6G V2","/uploads/image/2019/07/20190703140959460637.jpg"
"1673","102","网驰 GeForce GTX 1660 电竞 6G V2","/uploads/image/2019/07/20190703135927175847.jpg"
"1627","102","网驰 GeForce GTX 1660 电竞 6G","/uploads/image/2019/03/20190314095211866063.jpg"
"1634","102","战斧 GeForce GTX 1660 6G","/uploads/image/2019/03/20190327145557432873.jpg"
"1734","102","iGame GeForce GTX 1650 SUPER Ultra OC 4G","/uploads/image/2019/12/20191209151617096763.jpg"
"1814","102","镭风 GeForce GTX 1650 SUPER 元气 OC","/uploads/image/2021/04/20210428104847630858.jpg"
"1733","102","iGame GeForce GTX 1650 SUPER AD Special OC 4G","/uploads/image/2019/12/20191209151727515287.jpg"
"1737","102","iGame GeForce GTX 1650 SUPER Ultra 4G","/uploads/image/2019/12/20191209151359894106.jpg"
"1740","102","七彩虹 GeForce GTX 1650 SUPER 灵动鲨 LE 4G","/uploads/image/2020/03/20200320193059194474.jpg"
"1735","102","Colorful GeForce GTX 1650 SUPER Gaming GT 4G","/uploads/image/2019/11/20191121110525412154.jpg"
"1736","102","战斧 GeForce GTX 1650 SUPER 4G","/uploads/image/2019/12/20191209151533463251.jpg"
"2086","102","iGame GeForce GTX 1650 Ultra 4GD6 V2","/uploads/image/2023/08/20230810112106050326.jpg"
"1974","102","iGame GeForce GTX 1650 Ultra OC 4GD6 V2","/uploads/image/2023/08/20230810140203300252.jpg"
"1746","102","iGame GeForce GTX 1650 Ultra 4GD6","/uploads/image/2020/05/20200525101200244063.jpg"
"1999","102","七彩虹 GeForce GTX 1650 灵动鲨 4GD6 V3","/uploads/image/2022/12/20221216144009824435.jpg"
"2034","102","iGame GeForce GTX 1650 Ultra 4GD6 V3","/uploads/image/2023/03/20230328191240594834.jpg"
"2028","102","iGame GeForce GTX 1650 Ultra OC 4GD6 V3","/uploads/image/2023/02/20230203145155830342.jpg"
"2006","102","战斧 GeForce GTX 1650 4GD6 V2","/uploads/image/2022/12/20221230133443298753.jpg"
"1997","102","战斧 GeForce GTX 1650 4GD6 V4","/uploads/image/2022/12/20221216103048150841.jpg"
"1967","102","七彩虹 GeForce GTX 1650 灵动鲨 4GD6 V2","/uploads/image/2022/11/20221102183939809187.jpg"
"1968","102","战斧 GeForce GTX 1650 4GD6 V3","/uploads/image/2022/11/20221102183248144171.jpg"
"1815","102","镭风 GeForce GTX 1650 元气 OC 4GD6","/uploads/image/2021/04/20210428104959347061.jpg"
"1742","102","七彩虹 GeForce GTX 1650 灵动鲨 4GD6","/uploads/image/2020/03/20200330173614247153.jpg"
"1786","102","七彩虹 GeForce GTX 1650 VRVIU定制 4GD6","/uploads/image/2020/11/20201117175416927306.jpg"
"1754","102","iGame GeForce GTX 1650 豪华版 Ultra 4GD6","/uploads/image/2020/07/20200721111418717171.jpg"
"1780","102","iGame GeForce GTX 1650 豪华版 Ultra 4GD6 C","/uploads/image/2020/11/20201102115128314580.jpg"
"1751","102","战斧 GeForce GTX 1650 豪华版 4GD6","/uploads/image/2020/06/20200618174752098606.jpg"
"1779","102","战斧 GeForce GTX 1650 豪华版 4GD6 C","/uploads/image/2020/11/20201102113731575878.jpg"
"1770","102","七彩虹 GeForce GTX 1650 灵动鲨 LE 4GD6 V2","/uploads/image/2020/09/20200928100903968060.jpg"
"1657","102","iGame GeForce GTX 1650 Ultra 4G","/uploads/image/2019/04/20190423160454424123.jpg"
"1753","102","iGame GeForce GTX 1650 AD Special 4GD6","/uploads/image/2020/06/20200629163627974650.jpg"
"1752","102","iGame GeForce GTX 1650 AD Special OC 4GD6","/uploads/image/2020/06/20200629161506946472.jpg"
"1750","102","七彩虹 GeForce GTX 1650 灵动鲨 豪华版 4GD6","/uploads/image/2020/06/20200618173318605406.jpg"
"1749","102","战斧 GeForce GTX 1650 4G C","/uploads/image/2020/06/20200612105535310727.jpg"
"1748","102","七彩虹 GeForce GTX 1650 灵动鲨 LE 4GD6","/uploads/image/2020/06/20200605140349298878.jpg"
"1747","102","七彩虹 GeForce GTX 1650 灵动鲨 LE 4G V2","/uploads/image/2020/06/20200601140557136068.jpg"
"1745","102","战斧 GeForce GTX 1650 4GD6 C","/uploads/image/2020/05/20200525095456133843.jpg"
"1739","102","七彩虹 GeForce GTX 1650 灵动鲨 4G","/uploads/image/2020/03/20200320193307333216.jpg"
"1743","102","战斧 GeForce GTX 1650 4GD6","/uploads/image/2020/03/20200330173348715512.jpg"
"1744","102","iGame GeForce GTX 1650 Ultra OC 4GD6","/uploads/image/2020/03/20200330172639917532.jpg"
"1738","102","七彩虹 GeForce GTX 1650 灵动鲨 LE 4G","/uploads/image/2019/12/20191209150559585652.jpg"
"1653","102","iGame GeForce GTX 1650 AD Special OC 4G","/uploads/image/2019/04/20190423162140969786.jpg"
"1656","102","Colorful GeForce GTX 1650 Gaming GT 4G","/uploads/image/2019/04/20190423160617650478.jpg"
"1654","102","战斧 GeForce GTX 1650 4G","/uploads/image/2019/04/20190423160227752432.jpg"
"1655","102","网驰 GeForce GTX 1650 电竞 4G","/uploads/image/2019/04/20190423115750326757.jpg"
"1665","102","网驰 GeForce GTX 1650 Green 4G","/uploads/image/2019/05/20190524113146524671.jpg"
"2063","102","镭风 GeForce GTX 1630 元气 4GB","/uploads/image/2023/06/20230620143934700061.jpg"
"2013","102","七彩虹 GeForce GTX 1630 灵动鲨 4GD6 V2","/uploads/image/2023/01/20230109171400860606.jpg"
"1952","102","七彩虹 GeForce GTX 1630 灵动鲨LE 4GD6","/uploads/image/2022/07/20220706155315788067.jpg"
"1958","102","战斧 GeForce GTX 1630 4GD6 C","/uploads/image/2022/08/20220830101153512653.jpg"
"1951","102","七彩虹 GeForce GTX 1630 灵动鲨 4GD6","/uploads/image/2022/07/20220706155122606874.jpg"
"1950","102","战斧 GeForce GTX 1630 4GD6","/uploads/image/2022/07/20220706154935979574.jpg"
"1459","102","iGame GeForce GTX1080Ti Vulcan X LE","/uploads/image/2017/09/20170908100646736834.jpg"
"1511","102","iGame GeForce GTX1080Ti RNG Edition","/uploads/image/2017/12/20171212150204699875.jpg"
"1470","102","iGame GeForce GTX1080Ti Vulcan AD LE","/uploads/image/2017/09/20170912173238324568.jpg"
"1468","102","iGame GeForce GTX1080Ti Kudan","/uploads/image/2017/09/20170912172102121578.jpg"
"441","102","iGame GeForce GTX1080Ti Vulcan AD","/Resource/2017/04/201704251749333820_main.JPG"
"1463","102","iGame GeForce GTX1080Ti Neptune W","/uploads/image/2017/09/20170908152550622826.jpg"
"1513","102","iGame GeForce GTX1080Ti Vulcan X","/uploads/image/2017/12/20171212171335271586.jpg"
"1506","102","七彩虹 GeForce GTX1080Ti CH","/uploads/image/2017/11/20171121145519749615.jpg"
"442","102","iGame GeForce GTX1080Ti Vulcan X OC","/Resource/2017/05/201705111340186049_main.JPG"
"440","102","七彩虹 GeForce GTX1080Ti Founders Edition","/Resource/2017/03/201703101841055644_main.JPG"
"1462","102","iGame GeForce GTX1080 Vulcan X OC","/uploads/image/2017/09/20170908145957093474.jpg"
"1567","102","iGame GeForce GTX1080 烈焰战神X-8GD5X AD LE","/uploads/image/2018/09/20180903104328987063.jpg"
"1561","102","iGame GeForce GTX1080 Kudan-水冷板","/uploads/image/2018/08/20180816140901546815.jpg"
"1560","102","Colorful GeForce GTX1080 海外版","/uploads/image/2018/07/20180717171619776260.jpg"
"1557","102","iGame GeForce GTX1080-8GD5X DualBIOS","/uploads/image/2018/06/20180628144347304806.jpg"
"1556","102","iGame GeForce GTX1080 烈焰战神U-8GD5X Top V2","/uploads/image/2018/06/20180621111752803064.jpg"
"1532","102","iGame GeForce GTX1080 Vulcan X","/uploads/image/2018/04/20180426170603645862.jpg"
"1531","102","iGame GeForce GTX1080 烈焰战神X-8GD5X Top AD V3","/uploads/image/2018/09/20180903110522041512.jpg"
"1507","102","iGame GeForce GTX1080 烈焰战神X-8GD5X Top AD 限量版","/uploads/image/2017/11/20171124174923317130.jpg"
"1492","102","iGame GeForce GTX1080 Vulcan X LE","/uploads/image/2017/10/20171027154927140753.jpg"
"381","102","iGame GeForce GTX1080 烈焰战神X-8GD5X","/Resource/2017/05/201705161610236324_main.JPG"
"380","102","iGame GeForce GTX1080 烈焰战神X-8GD5X AD","/Resource/2017/04/201704241516338937_main.JPG"
"379","102","iGame GeForce GTX1080 烈焰战神X-8GD5X Top AD","/Resource/2017/01/201701201551378072_main.JPG"
"377","102","iGame GeForce GTX1080 烈焰战神X-8GD5X LE","/Resource/2017/01/201701111114459094_main.JPG"
"378","102","iGame GeForce GTX1080 烈焰战神U-8GD5X LE","/Resource/2017/01/201701111122523486_main.JPG"
"376","102","iGame GeForce GTX1080-8GD5X 烈焰战神-水冷板 WA1","/Resource/2016/10/201610281121506100_main.JPG"
"375","102","iGame GeForce GTX1080 烈焰战神X-8GD5X","/Resource/2016/10/201610251116285263_main.JPG"
"374","102","iGame GeForce GTX1080 烈焰战神-8GD5X VR版","/Resource/2016/09/201609231401536953_main.JPG"
"372","102","iGame GeForce GTX1080 烈焰战神X-8GD5X Top","/Resource/2016/05/201605301532266318_main.JPG"
"373","102","iGame GeForce GTX1080 烈焰战神U-8GD5X Top","/Resource/2016/06/201606171538016468_main.JPG"
"371","102","七彩虹 GeForce GTX1080-8G Founders Edition","/Resource/2016/05/201605271654069688_main.JPG"
"1559","102","iGame GeForce GTX1070Ti RNG Edition","/uploads/image/2018/07/20180704204221323415.jpg"
"1536","102","iGame GeForce GTX1070Ti JD JOY Edition","/uploads/image/2018/05/20180502180021089628.jpg"
"1530","102","Colorful GeForce GTX1070Ti GAMING","/uploads/image/2018/04/20180418154555909167.jpg"
"1493","102","iGame GeForce GTX1070Ti Vulcan U Top","/uploads/image/2017/11/20171107111954585061.jpg"
"1491","102","iGame GeForce GTX1070Ti Vulcan X Top","/uploads/image/2017/10/20171026221905462063.jpg"
"1490","102","iGame GeForce GTX1070Ti Vulcan X","/uploads/image/2017/11/20171101170502905834.jpg"
"1488","102","iGame GeForce GTX1070Ti Vulcan AD","/uploads/image/2017/11/20171101170958026142.jpg"
"1497","102","iGame GeForce GTX1070 烈焰战神X-8GD5 AD LE VR","/uploads/image/2018/05/20180502142215879752.jpg"
"1546","102","iGame GeForce GTX1070 烈焰战神X-8GD5 Top AD LE VRC","/uploads/image/2018/05/20180530093616935206.jpg"
"1526","102","iGame GeForce GTX1070 Vulcan X LE","/uploads/image/2018/01/20180118133030693406.jpg"
"1498","102","iGame GeForce GTX1070 烈焰战神X-8GD5 AD LE","/uploads/image/2018/05/20180502142202775852.jpg"
"1467","102","iGame GeForce GTX 1070 Vulcan X SOC","/uploads/image/2017/09/20170912171210999451.jpg"
"1461","102","iGame GeForce GTX1070 Vulcan X OC","/uploads/image/2017/09/20170908143659533878.jpg"
"393","102","网驰 GeForce GTX1070-8GD5 电竞版","/Resource/2017/05/201705051721587855_main.JPG"
"391","102","iGame GeForce GTX1070 烈焰战神X-8GD5 Top AD","/Resource/2016/12/201612211805304046_main.JPG"
"392","102","iGame GeForce GTX1070烈焰战神X-8GD5 LE","/Resource/2017/01/201701111132333706_main.JPG"
"389","102","iGame GeForce GTX1070-8GD5 DualBIOS XB1","/Resource/2016/11/201611041147486604_main.JPG"
"390","102","iGame GeForce GTX1070-8GD5 DualBIOS HA1","/Resource/2016/11/201611041142155068_main.JPG"
"388","102","iGame GeForce GTX1070 烈焰战神X-8GD5","/Resource/2016/10/201610181105581579_main.JPG"
"387","102","iGame GeForce GTX1070 烈焰战神-8GD5 VR版","/Resource/2016/09/201609231353025587_main.JPG"
"385","102","iGame GeForce GTX1070 烈焰战神S-8GD5","/Resource/2016/08/201608311514088424_main.JPG"
"386","102","iGame GeForce GTX1070-8GD5 烈焰战神 WA1","/Resource/2016/08/201608171817201657_main.JPG"
"382","102","iGame GeForce GTX1070 烈焰战神U-8GD5 Top","/Resource/2016/06/201606171555227908_main.JPG"
"384","102","iGame GeForce GTX1070 烈焰战神X-8GD5 Top","/Resource/2016/06/201606231726203268_main.JPG"
"383","102","七彩虹 GeForce GTX1070-8G Founders Edition","/Resource/2016/06/201606031626087470_main.JPG"
"1741","102","网驰 GeForce GTX1060-3GD5 V4","/uploads/image/2020/03/20200327120104616358.jpg"
"1672","102","iGame GeForce GTX1060 Vulcan 6G V2","/uploads/image/2019/06/20190620182656433642.jpg"
"401","102","iGame GeForce GTX1060 烈焰战神U-6GD5 Top","/uploads/image/2018/12/20181204100101187506.png"
"1502","102","网驰 GeForce GTX1060-6GD5 V2","/uploads/image/2018/12/20181227122241924106.jpg"
"1600","102","网驰 GeForce GTX1060-6GD5 V4","/uploads/image/2018/12/20181227121209109063.jpg"
"1527","102","网驰 GeForce GTX1060 5G","/uploads/image/2018/12/20181227122112723645.jpg"
"1591","102","iGame GeForce GTX1060 Vulcan X OC 6G V2","/uploads/image/2018/12/20181225154340662063.jpg"
"1590","102","iGame GeForce GTX1060 Advanced OC 6G","/uploads/image/2018/12/20181225154219307456.jpg"
"1588","102","iGame GeForce GTX1060 烈焰战神U-6GD5 V2","/uploads/image/2018/12/20181207173919037648.jpg"
"410","102","网驰 GeForce GTX1060-6GD5电竞版 V2","/Resource/2017/02/201702151650109999_main.JPG"
"1587","102","iGame GeForce GTX1060 烈焰战神S-6GD5 Top V2","/uploads/image/2018/12/20181207173741896270.jpg"
"1476","102","战斧 GeForce GTX1060 6G","/uploads/image/2018/05/20180502141815951367.jpg"
"1576","102","iGame GeForce GTX1060 烈焰战神U-6GD5 Top V2","/uploads/image/2018/11/20181102152003491263.png"
"1585","102","iGame GeForce GTX1060 Vulcan X OC 6G V3","/uploads/image/2018/11/20181128143433631506.jpg"
"1584","102","iGame GeForcce GTX1060 烈焰战神U-6GD5 Top V4","/uploads/image/2018/11/20181128134425494140.jpg"
"1583","102","iGame GeForce GTX1060 烈焰战神U-6GD5 Top V5","/uploads/image/2018/11/20181128115638346740.jpg"
"403","102","iGame GeForce GTX1060 烈焰战神U-6GD5","/Resource/2016/08/201608171801141919_main.JPG"
"1477","102","战斧 GeForce GTX1060 3G","/uploads/image/2018/11/20181119113158077537.jpg"
"1582","102","战斧 GeForce GTX1060 6G V2","/uploads/image/2018/11/20181119111947824567.jpg"
"1580","102","Colorful GeForce GTX1060-6GD5 GAMING V6","/uploads/image/2018/11/20181113102345823182.jpg"
"1579","102","网驰 GeForce GTX1060-6GD5 V3","/uploads/image/2018/11/20181113101349200864.jpg"
"1578","102","网驰 GeForce GTX1060-6GD5 V5","/uploads/image/2018/11/20181113100845873475.jpg"
"1553","102","Colorful GeForce GTX1060-3GD5 GAMING V3","/uploads/image/2018/06/20180616113318291870.jpg"
"1545","102","iGame GeForce GTX1060 冰封骑士Mini-6GD5","/uploads/image/2018/05/20180523024313837537.jpg"
"1539","102","Colorful GeForce GTX1060 GAMING 5G V5","/uploads/image/2018/05/20180507172445903815.jpg"
"1538","102","网驰 GeForce GTX1060 GAMING 5G","/uploads/image/2018/05/20180507171527005606.jpg"
"1521","102","Colorful GeForce GTX1060-3GD5 GAMING U V2","/uploads/image/2018/01/20180109170940054873.jpg"
"1519","102","Colorful GeForce GTX1060-6GD5 GAMING V5 B","/uploads/image/2018/06/20180614165622785163.jpg"
"1518","102","Colorful GeForce GTX1060-6GD5 GAMING V5 A","/uploads/image/2018/01/20180109114114069781.jpg"
"1512","102","iGame GeForce GTX1060 RNG Edition","/uploads/image/2017/12/20171212151632326238.jpg"
"1510","102","iGame GeForce GTX1060 烈焰战神S-6GD5 Top LE","/uploads/image/2017/12/20171211112544974871.jpg"
"1508","102","iGame GeForce GTX1060 Vulcan X LE 6G","/uploads/image/2018/05/20180502141626329064.jpg"
"1501","102","网驰 GeForce GTX1060-3GD5 V2","/uploads/image/2017/11/20171120104841950061.jpg"
"1496","102","Colorful GeForce GTX1060-3GD5 GAMING V5 A","/uploads/image/2017/10/20171031124546726718.jpg"
"1495","102","Colorful GeForce GTX1060-3GD5 GAMING V5 B","/uploads/image/2017/10/20171031121707275318.jpg"
"1494","102","Colorful GeForce GTX1060-3GD5 GAMING V5","/uploads/image/2017/10/20171030134830666406.jpg"
"1484","102","iGame GeForce GTX1060 冰封骑士Mini-3GD5","/uploads/image/2018/05/20180502142102980567.jpg"
"1480","102","iGame GeForce GTX1060 烈焰战神UT-3GD5 LE","/uploads/image/2018/05/20180502141903890814.jpg"
"1479","102","iGame GeForce GTX1060 烈焰战神UT-6GD5 LE","/uploads/image/2018/05/20180502141929380063.jpg"
"1473","102","Colorful GeForce GTX1060-6GD5 GAMING V3","/uploads/image/2017/09/20170922101808565823.jpg"
"1472","102","iGame GeForce GTX1060 烈焰战神X-3GD5","/uploads/image/2017/09/20170921151016488683.jpg"
"1469","102","Colorful GeForce GTX1060-6GD5 GAMING V5","/uploads/image/2017/09/20170912172541582461.jpg"
"1466","102","iGame GeForce GTX1060 烈焰战神U-6GD5 LE","/uploads/image/2017/09/20170912160500825064.jpg"
"1465","102","iGame GeForce GTX1060 烈焰战神X-3GD5 LE","/uploads/image/2017/09/20170911171028425186.jpg"
"1464","102","iGame GeForce GTX1060 烈焰战神X-6GD5 LE","/uploads/image/2017/09/20170911170723362067.jpg"
"1460","102","iGame GeForce GTX1060 Vulcan X OC 6G","/uploads/image/2018/05/20180502141552290172.jpg"
"415","102","iGame GeForce GTX1060 烈焰战神-6GD5 AD","/Resource/2017/05/201705051704235323_main.JPG"
"414","102","Colorful GeForce GTX1060-3GD5 GAMING U","/Resource/2017/05/201705041434494090_main.JPG"
"416","102","Colorful GeForce GTX1060-3GD5 GAMING X","/Resource/2017/05/201705041441095367_main.JPG"
"413","102","Colorful GeForce GTX1060-3GD5 GAMING V2","/Resource/2017/02/201702151620343201_main.JPG"
"411","102","Colorful GeForce GTX1060-6GD5 GAMING V2","/Resource/2017/02/201702151628231655_main.JPG"
"412","102","七彩虹 GeForce GTX1060 雷暴鲨-3GD5","/Resource/2017/02/201702141351320511_main.JPG"
"408","102","iGame GeForce GTX1060 烈焰战神S-3GD5 Top","/Resource/2016/11/201611021649394504_main.JPG"
"407","102","七彩虹 GeForce GTX1060 雷暴鲨-6GD5","/Resource/2016/10/201610271117075468_main.JPG"
"406","102","Colorful GeForce GTX1060-3GD5 GAMING","/Resource/2016/10/201610261423514711_main.JPG"
"404","102","网驰 GeForce GTX1060-3GD5 电竞-水冷板 WA1","/Resource/2016/09/201609291503044111_main.JPG"
"405","102","iGame GeForce GTX1060 烈焰战神X-6GD5","/Resource/2016/09/201609181400008893_main.JPG"
"394","102","Colorful GeForce GTX1060-6GD5 GAMING","/Resource/2016/07/201607221757325845_main.JPG"
"397","102","网驰 GeForce GTX1060-3GD5 电竞版","/Resource/2016/08/201608311459438771_main.JPG"
"398","102","iGame GeForce GTX1060 烈焰战神U-3GD5","/Resource/2016/08/201608241518057313_main.JPG"
"400","102","iGame GeForce GTX1060 烈焰战神S-6GD5 Top","/Resource/2016/08/201608041145243802_main.JPG"
"402","102","iGame GeForce GTX1060 烈焰战神X-3GD5 Top","/Resource/2016/11/201611221357348641_main.JPG"
"399","102","iGame GeForce GTX1060 烈焰战神U-3GD5 Top","/Resource/2016/08/201608241541582885_main.JPG"
"395","102","iGame GeForce GTX1060 烈焰战神X-6GD5 Top","/Resource/2016/07/201607121656108086_main.JPG"
"396","102","网驰 GeForce GTX1060-6GD5 电竞版","/Resource/2016/07/201607211447173991_main.JPG"
"1529","102","七彩虹 GeForce GTX1050Ti 灵动鲨 4G V3","/uploads/image/2021/10/20211020103339100838.jpg"
"1682","102","七彩虹 GeForce GTX1050Ti 灵动鲨-4GD5 V10","/uploads/image/2019/07/20190708181713837706.jpg"
"1675","102","七彩虹 GeForce GTX1050Ti 灵动鲨-4GD5 LE V6","/uploads/image/2019/07/20190703142115846425.jpg"
"1671","102","七彩虹GTX1050Ti 灵动鲨-4GD5 V12","/uploads/image/2019/05/20190531115721191506.jpg"
"1667","102","七彩虹 GeForce GTX1050Ti 灵动鲨-4GD5 V11","/uploads/image/2019/05/20190524120530643568.jpg"
"1597","102","七彩虹 GeForce GTX1050Ti 灵动鲨-4GD5 V9","/uploads/image/2018/12/20181225174018335350.jpg"
"1596","102","七彩虹 GeForce GTX1050Ti 灵动鲨 4G V8","/uploads/image/2018/12/20181225172957017528.jpg"
"1595","102","七彩虹 GeForce GTX1050Ti 灵动鲨 4G V7","/uploads/image/2018/12/20181225171627812278.jpg"
"1487","102","战斧 GeForce GTX1050Ti 4G V2","/uploads/image/2018/11/20181119113427026841.jpg"
"1566","102","七彩虹 GeForce GTX1050Ti 灵动鲨 4G V6","/uploads/image/2018/08/20180827100857161350.jpg"
"1558","102","iGame GeForce GTX1050Ti Vulcan U 4G EC","/uploads/image/2018/07/20180702113214124106.jpg"
"1554","102","七彩虹 GeForce GTX1050Ti 灵动鲨 4G V5","/uploads/image/2018/06/20180616114322745517.jpg"
"1541","102","Colorful GeForce GTX1050Ti GAMING 4G V5","/uploads/image/2018/05/20180517174910577741.jpg"
"1540","102","iGame GeForce GTX1050Ti 烈焰战神U-4GD5 LE","/uploads/image/2018/05/20180508095859468064.jpg"
"1509","102","七彩虹 GeForce GTX1050Ti 灵动鲨-4GD5 LE V2","/uploads/image/2017/12/20171207235341142751.jpg"
"1504","102","网驰 GeForce GTX1050Ti-4GD5 Green V2","/uploads/image/2017/11/20171121135701614857.jpg"
"1500","102","网驰 GeForce GTX1050Ti-4GD5 V2","/uploads/image/2017/11/20171114101539336636.jpg"
"1485","102","七彩虹 GeForce GTX1050Ti 灵动鲨-LE 4G","/uploads/image/2017/10/20171013175328905587.jpg"
"1471","102","Colorful GeForce GTX1050Ti GAMING 4G V3","/uploads/image/2018/05/20180502141507627142.jpg"
"427","102","iGame GeForce GTX1050Ti 冰封骑士Mini-4GD5","/Resource/2017/02/201702151643387042_main.JPG"
"421","102","Colorful GeForce GTX1050Ti-4GD5 GAMING","/Resource/2016/12/201612221437054518_main.JPG"
"422","102","网驰 GeForce GTX1050Ti-4GD5 Green","/Resource/2016/12/201612211713443666_main.JPG"
"423","102","网驰 GeForce GTX1050Ti-4GD5","/Resource/2016/12/201612211704268226_main.JPG"
"424","102","七彩虹 GeForce GTX1050Ti 灵动鲨-4GD5","/Resource/2016/12/201612211743111446_main.JPG"
"425","102","Colorful GeForce GTX1050Ti-4GD5 GAMING V2","/Resource/2016/12/201612211723349982_main.JPG"
"418","102","战斧 GeForce GTX1050Ti-4GD5","/Resource/2016/10/201610271107257878_main.JPG"
"426","102","iGame GeForce GTX1050Ti 烈焰战神U-4GD5 TOP","/Resource/2016/12/201612051030496256_main.JPG"
"417","102","iGame GeForce GTX1050Ti 烈焰战神U-4GD5","/Resource/2016/10/201610271025164812_main.JPG"
"420","102","iGame GeForce GTX1050Ti 烈焰战神S-4GD5","/Resource/2016/10/201610271008122879_main.JPG"
"419","102","网驰 GeForce GTX1050Ti-4GD5 电竞版","/Resource/2016/10/201610271057481473_main.JPG"
"1547","102","Colorful GeForce GTX1050 GAMING 3G","/uploads/image/2018/06/20180616104233446624.jpg"
"1548","102","iGame GeForce GTX1050 烈焰战神S 3G","/uploads/image/2018/06/20180616105444401806.jpg"
"1549","102","iGame GeForce GTX1050 烈焰战神U 3G","/uploads/image/2018/06/20180616110246270461.jpg"
"1550","102","七彩虹 GeForce GTX1050 灵动鲨 3G LE","/uploads/image/2018/06/20180616111129651636.jpg"
"1551","102","七彩虹 GeForce GTX1050 灵动鲨 3G","/uploads/image/2018/06/20180616111928556632.jpg"
"1552","102","战斧 GeForce GTX1050 3G","/uploads/image/2018/06/20180616112634265068.jpg"
"1555","102","七彩虹 GeForce GTX1050 灵动鲨 3G V2","/uploads/image/2018/06/20180619165608588816.jpg"
"1474","102","iGame GeForce GTX1050 烈焰战神U-2GD5 LE","/uploads/image/2017/09/20170922112025817483.jpg"
"1679","102","七彩虹 GeForce GTX1050 灵动鲨 2G V10","/uploads/image/2019/07/20190705095243160140.jpg"
"1664","102","七彩虹 GeForce GTX1050 灵动鲨 2G V9","/uploads/image/2019/05/20190517112807155786.jpg"
"1652","102","七彩虹 GeForce GTX1050 灵动鲨 2G V8","/uploads/image/2019/04/20190418165818062412.jpg"
"1636","102","七彩虹 GeForce GTX1050 灵动鲨 2G V7","/uploads/image/2019/03/20190327103954946513.jpg"
"438","102","Colorful GeForce GTX1050-2GD5 GAMING V3","/Resource/2017/05/201705051649222522_main.JPG"
"1544","102","七彩虹 GeForce GTX1050 灵动鲨-2GD5 LE V4","/uploads/image/2018/05/20180517182409886354.jpg"
"1543","102","七彩虹 GeForce GTX1050 灵动鲨 2G V6","/uploads/image/2018/05/20180517181251334827.jpg"
"1542","102","Colorful GeForce GTX1050 GAMING 2G V5","/uploads/image/2018/05/20180517180131734268.jpg"
"1537","102","七彩虹 GeForce GTX1050 灵动鲨 2G V5","/uploads/image/2018/05/20180503154616454606.jpg"
"1522","102","七彩虹 GeForce GTX1050 灵动鲨-2GD5 V3","/uploads/image/2018/01/20180110141414173253.jpg"
"1516","102","战斧 GeForce GTX1050 CS:GO Edition 2G","/uploads/image/2017/12/20171213103538574651.jpg"
"1515","102","战斧 GeForce GTX1050 2G V2","/uploads/image/2018/05/20180502141322218218.jpg"
"1514","102","iGame GeForce GTX1050 烈焰战神S-2GD5 LE","/uploads/image/2017/12/20171213100121632306.jpg"
"1505","102","网驰 GeForce GTX1050-2GD5 V2","/uploads/image/2017/11/20171121141046450186.jpg"
"1486","102","战斧 GeForce GTX1050-2GD5","/uploads/image/2017/10/20171019180550384806.jpg"
"1481","102","Colorful GeForce GTX1050 GAMING 2G V4","/uploads/image/2017/10/20171012142806347467.jpg"
"1478","102","七彩虹 GeForce GTX1050 灵动鲨-LE 2GD5","/uploads/image/2017/10/20171010114137953812.jpg"
"437","102","网驰 GeForce GTX1050-2GD5 Green 限量版","/Resource/2017/05/201705051710129902_main.JPG"
"439","102","网驰 GeForce GTX1050-2GD5 限量版","/Resource/2017/05/201705051714160397_main.JPG"
"433","102","iGame GeForce GTX1050 烈焰战神S-2GD5","/Resource/2016/12/201612291409026518_main.JPG"
"430","102","iGame GeForce GTX1050 烈焰战神U-2GD5","/Resource/2016/11/201611041419450664_main.JPG"
"432","102","七彩虹 GeForce GTX1050 灵动鲨-2GD5","/Resource/2016/12/201612211731380678_main.JPG"
"434","102","网驰 GeForce GTX1050-2GD5 Green","/Resource/2016/12/201612211751328250_main.JPG"
"435","102","Colorful GeForce GTX1050-2GD5 GAMING V2","/Resource/2016/12/201612211657369170_main.JPG"
"436","102","网驰 GeForce GTX1050-2GD5","/Resource/2016/12/201612211758290486_main.JPG"
"428","102","Colorful GeForce GTX1050-2GD5 GAMING","/Resource/2016/10/201610271346585552_main.JPG"
"429","102","网驰 GeForce GTX1050-2GD5 电竞版","/Resource/2016/10/201610271341117494_main.JPG"
"1834","102","七彩虹 GeForce GT1030 黄金版 2G V6","/uploads/image/2021/06/20210615113542052236.jpg"
"1883","102","七彩虹 GeForce GT1030 黄金版 4G","/uploads/image/2021/09/20210930152102877725.jpg"
"1809","102","七彩虹 GeForce GT1030 黄金版 2G V7","/uploads/image/2021/03/20210326172301463142.jpg"
"443","102","Colorful GeForce GT1030 LP 2G","/Resource/2017/05/201705181024450751_main.JPG"
"444","102","七彩虹 GeForce GT1030 灵动鲨 2G","/Resource/2017/05/201705171116080432_main.JPG"
"1499","102","七彩虹 GeForce GT1030 黄金版 2G","/uploads/image/2017/11/20171107153337810837.jpg"
"1523","102","七彩虹 GeForce GT1030 黄金版 2G V3","/uploads/image/2018/01/20180111151617450857.jpg"
"1524","102","七彩虹 GeForce GT1030 黄金版 2G V2","/uploads/image/2018/01/20180111152829902756.jpg"
"1755","102","七彩虹 GeForce GT1030 黄金版 2G V5","/uploads/image/2020/07/20200731120015924121.jpg"
"1503","102","七彩虹 GeForce GT1030 0DB 2G","/uploads/image/2018/05/20180502141123439068.jpg"
"306","102","七彩虹GTX Titan X CH-12GD5","/Resource/2015/03/201503201659465216_main.JPG"
"1947","102","Colorful GeForce GT 1010 LP 2GD5","/uploads/image/2022/06/20220617170147385342.jpg"
"1946","102","Colorful GeForce GT 1010 LP 2GD4","/uploads/image/2022/06/20220607142718942067.jpg"
"1957","102","Colorful GeForce GT 1010 LP 4GD4","/uploads/image/2022/08/20220810100021951565.jpg"
"200","102","七彩虹GTX Titan Z CH-12GD5","/Resource/2014/05/201405202034002787_main.JPG"
"201","102","七彩虹GTX Titan Black CH-6GD5","/Resource/2014/05/201405202026114645_main.JPG"
"64","102","七彩虹GTX TITAN-6GD5 CH","/Resource/2013/02/201302221035130332_main.JPG"
"313","102","iGame980Ti 烈焰战神X-6GD5 Top WA1","/Resource/2016/03/201603041548306494_main.JPG"
"314","102","iGame980Ti-6GD5 WA1","/Resource/2016/03/201603171753480792_main.JPG"
"311","102","iGame980Ti 九段","/Resource/2015/11/201511261945063470_main.JPG"
"312","102","iGame980Ti 冰封骑士Liquid-6GD5","/Resource/2016/01/201601121805239278_main.JPG"
"310","102","iGame980Ti-6GD5 V2","/Resource/2015/10/201510281107082234_main.JPG"
"307","102","iGame980Ti 烈焰战神X-6GD5 Top","/Resource/2015/06/201506231647091000_main.JPG"
"309","102","iGame980Ti-6GD5","/Resource/2015/06/201506021105502434_main.JPG"
"308","102","七彩虹GTX980Ti CH-6GD5","/Resource/2015/06/201506011157391099_main.JPG"
"259","102","iGame980 九段","/Resource/2014/11/201411141509297894_main.JPG"
"257","102","七彩虹GTX980 CH-4GD5","/Resource/2014/09/201409191515597886_main.JPG"
"258","102","iGame980-4GD5","/Resource/2014/09/201409191723410446_main.JPG"
"271","102","iGame970-4GD5 DualBIOS","/Resource/2016/05/201605051001008321_main.JPG"
"270","102","网驰GTX970-4GD5 电竞版","/Resource/2016/02/201602251644553085_main.JPG"
"269","102","iGame970 烈焰战神X-4GD5 WA1","/Resource/2016/01/201601211401420411_main.JPG"
"268","102","iGame970 玩家定制","/Resource/2015/11/201511261030331220_main.JPG"
"267","102","七彩虹GTX970-4GD5 海外版 Top","/Resource/2015/06/201506241540344599_main.JPG"
"266","102","七彩虹GTX970-4GD5 海外版 V2","/Resource/2015/03/201503110837072989_main.JPG"
"265","102","iGame970 烈焰战神X-4GD5","/Resource/2014/12/201412181146490392_main.JPG"
"264","102","七彩虹GTX970 雷暴鲨-4GD5","/Resource/2014/12/201412101434197982_main.JPG"
"263","102","iGame970 烈焰战神U-4GD5 HD1","/Resource/2014/11/201411181015236558_main.JPG"
"261","102","iGame970 烈焰战神X-4GD5 Top","/Resource/2014/10/201410091507295630_main.JPG"
"262","102","iGame970 烈焰战神U-4GD5 定制版","/Resource/2014/10/201410131054267166_main.JPG"
"260","102","iGame970 烈焰战神U-4GD5","/Resource/2014/09/201409191532044364_main.JPG"
"298","102","iGame960 烈焰战神U-4GD5 Top","/Resource/2016/02/201602241731458285_main.JPG"
"275","102","iGame960 烈焰战神X-2GD5 Top","/uploads/image/2022/04/20220414112337902385.jpg"
"273","102","七彩虹GTX960 CH-2GD5","/uploads/image/2022/04/20220414112301352350.jpg"
"272","102","iGame960 烈焰战神U-2GD5","/Resource/2015/01/201501231526016324_main.JPG"
"274","102","网驰GTX960-2GD5","/uploads/image/2018/05/20180502143135686323.jpg"
"276","102","iGame960 烈焰战神U-2GD5 V2","/Resource/2015/03/201503201710492451_main.JPG"
"277","102","七彩虹GTX960 雷暴鲨-2GD5","/Resource/2015/03/201503201634394896_main.JPG"
"278","102","iGame960 烈焰战神U-4GD5","/Resource/2015/04/201504031122367358_main.JPG"
"279","102","iGame960 冰封骑士Mini-2GD5","/Resource/2015/04/201504031112569581_main.JPG"
"280","102","iGame960 烈焰战神X-2GD5","/Resource/2015/06/201506051155247284_main.JPG"
"281","102","网驰GTX960-2GD5 Green","/Resource/2015/07/201507091457552670_main.JPG"
"282","102","网驰GTX960-4GD5 V2","/Resource/2015/07/201507211453316185_main.JPG"
"283","102","网驰GTX960-4GD5","/Resource/2015/07/201507091522248432_main.JPG"
"284","102","Colorful960-2GD5 海外版","/Resource/2015/09/201509090943515167_main.JPG"
"285","102","iGame960 烈焰战神X-2GD5 V2","/Resource/2015/09/201509061049420565_main.JPG"
"286","102","iGame960 烈焰战神U-2GD5 V3","/Resource/2015/10/201510301429247512_main.JPG"
"287","102","iGame960 烈焰战神U-4GD5 V2","/Resource/2015/10/201510301419587640_main.JPG"
"304","102","iGame960-4GD5 DualBIOS V2","/Resource/2016/05/201605091852039817_main.JPG"
"305","102","网驰GTX960-4GD5 Green V2","/Resource/2016/08/201608311540170893_main.JPG"
"288","102","iGame960 烈焰战神X-4GD5","/Resource/2015/10/201510301405271084_main.JPG"
"289","102","iGame960 玩家定制","/Resource/2015/11/201511182157346184_main.JPG"
"290","102","网驰GTX960-4GD5 V4","/Resource/2015/12/201512251505218910_main.JPG"
"291","102","网驰GTX960-4GD5 V3","/Resource/2015/12/201512251005035450_main.JPG"
"292","102","iGame960 烈焰战神S-2GD5","/Resource/2015/12/201512091021093190_main.JPG"
"293","102","Colorful960-2GD5 海外版 V2","/Resource/2015/12/201512071509418190_main.JPG"
"294","102","网驰GTX960-2GD5 V3","/Resource/2015/12/201512241641036150_main.JPG"
"295","102","网驰GTX960-2GD5 Green V2","/Resource/2015/12/201512301637219846_main.JPG"
"296","102","iGame960 烈焰战神U-4GD5 V4","/Resource/2016/01/201601201703281557_main.JPG"
"297","102","Colorful960-4GD5 海外版","/Resource/2016/01/201601051143262350_main.JPG"
"299","102","iGame960 烈焰战神S-2GD5 V2","/Resource/2016/03/201603011654203410_main.JPG"
"300","102","网驰GTX960-2GD5 WA1","/Resource/2016/04/201604211500514831_main.JPG"
"301","102","网驰GTX960-4GD5 WA1","/Resource/2016/04/201604211446333060_main.JPG"
"302","102","七彩虹GTX960 雷暴鲨-4GD5","/Resource/2016/05/201605191628180321_main.JPG"
"303","102","iGame960 烈焰战神S-4GD5 TOP","/Resource/2016/05/201605311721499334_main.JPG"
"331","102","七彩虹GTX950 灵动鲨-Twin-2GD5","/Resource/2017/05/201705111359460384_main.JPG"
"330","102","网驰GTX950-Twin-2GD5 V4","/Resource/2016/05/201605191651385533_main.JPG"
"327","102","战斧GTX950-Twin-2GD5 V4","/Resource/2016/03/201603211517450992_main.JPG"
"328","102","iGame950 烈焰战神U-2GD5 V5","/Resource/2016/03/201603181142469332_main.JPG"
"329","102","网驰GTX950-Twin-2GD5 V3","/Resource/2016/03/201603041621419426_main.JPG"
"326","102","网驰GTX950-Twin-2GD5 V2","/Resource/2016/01/201601201832527461_main.JPG"
"325","102","Colorful950-2GD5 海外版","/Resource/2015/11/201511261009066980_main.JPG"
"323","102","iGame950 烈焰战神U-2GD5 V2","/Resource/2015/10/201510281015457529_main.JPG"
"324","102","iGame950 烈焰战神U-2GD5 V3","/Resource/2015/10/201510281028573800_main.JPG"
"322","102","战斧GTX950-Twin-2GD5 V2","/Resource/2015/10/201510281047027569_main.JPG"
"321","102","iGame950 冰封骑士Mini-2GD5","/Resource/2015/09/201509161626553609_main.JPG"
"319","102","iGame950 烈焰战神X-2GD5","/Resource/2015/09/201509090935022053_main.JPG"
"320","102","网驰GTX950-2GD5","/Resource/2015/09/201509060936371336_main.JPG"
"318","102","战斧GTX950-Twin-2GD5","/Resource/2015/08/201508241017301181_main.JPG"
"315","102","iGame950 烈焰战神U-2GD5","/Resource/2015/08/201508191431271598_main.JPG"
"317","102","iGame950 烈焰战神S-2GD5","/Resource/2015/08/201508191438256949_main.JPG"
"316","102","网驰GTX950-Twin-2GD5","/Resource/2015/08/201508111648555578_main.JPG"
"100","102","iGame·九段 780TI","/Resource/2014/06/201406131029525584_main.JPG"
"98","102","iGame780Ti-3GD5","/Resource/2013/11/201311111037194778_main.JPG"
"99","102","七彩虹GTX780Ti CH-3GD5","/Resource/2013/11/201311081128039409_main.JPG"
"74","102","iGame780-3GD5","/Resource/2013/10/201310151126397570_main.JPG"
"73","102","iGame·九段 780","/Resource/2013/08/201308051712566080_main.JPG"
"72","102","七彩虹GTX780 CH-3GD5","/Resource/2013/05/201305241125047113_main.JPG"
"97","102","iGame770 烈焰战神U-2GD5 V4","/Resource/2014/11/201411061436439940_main.JPG"
"95","102","七彩虹GTX770-2GD5 TOP","/Resource/2014/08/201408271507313001_main.JPG"
"96","102","iGame770 烈焰战神U-4GD5 V2","/Resource/2014/08/201408082037276995_main.JPG"
"93","102","iGame770 烈焰战神U-2GD5 V3","/Resource/2014/08/201408041059483764_main.JPG"
"94","102","iGame770 烈焰战神U-2GD5","/Resource/2014/08/201408041111440778_main.JPG"
"92","102","iGame770-2GD5 DualBIOS","/Resource/2014/05/201405291605300081_main.JPG"
"91","102","iGame770 烈焰战神X-2GD5 TOP","/Resource/2014/01/201401171528261522_main.JPG"
"90","102","iGame770 烈焰战神U-4GD5","/Resource/2013/08/201308021445115075_main.JPG"
"87","102","iGame770 烈焰战神X-2GD5","/Resource/2013/09/201309031736384670_main.JPG"
"88","102","iGame770 烈焰战神U-2GD5 V2","/Resource/2013/07/201307241743411122_main.JPG"
"89","102","iGame770 烈焰战神U-2GD5","/Resource/2013/07/201307030909116694_main.JPG"
"86","102","七彩虹GTX770 CH-2GD5","/Resource/2013/06/201306131346561390_main.JPG"
"85","102","网驰GTX760-2GD5 Green","/Resource/2014/06/201406230952035780_main.JPG"
"84","102","iGame760 烈焰战神X-2GD5 TOP 定制版","/Resource/2014/04/201404291039059421_main.JPG"
"83","102","Colorful760-2GD5","/Resource/2014/03/201403211418580349_main.JPG"
"82","102","iGame760 烈焰战神X-2GD5 TOP","/Resource/2014/01/201401091538217226_main.JPG"
"81","102","Colorful760-2GD5 SI","/Resource/2013/08/201308211456551923_main.JPG"
"79","102","iGame760 烈焰战神U-4GD5","/Resource/2013/08/201308051455057940_main.JPG"
"80","102","iGame760 烈焰战神U-2GD5 V3","/Resource/2013/08/201308051438493710_main.JPG"
"78","102","iGame760 烈焰战神X-2GD5","/Resource/2013/09/201309031013398340_main.JPG"
"77","102","iGame760 烈焰战神U-2GD5 V2","/Resource/2013/07/201307241715248172_main.JPG"
"75","102","iGame760 烈焰战神U-2GD5","/Resource/2013/06/201306261116368137_main.JPG"
"76","102","七彩虹GTX760 CH-2GD5","/Resource/2013/06/201306261136391894_main.JPG"
"1535","102","iGame GeForce GTX750Ti-2GD5 DualBIOS","/uploads/image/2018/05/20180502140642202063.jpg"
"199","102","七彩虹GTX750Ti 灵动鲨-Twin-2GD5","/Resource/2016/06/201606031807053222_main.JPG"
"198","102","网驰GTX750Ti-2GD5 限量版 V6","/Resource/2016/03/201603221047413396_main.JPG"
"197","102","网驰GTX750Ti-2GD5 Green","/Resource/2016/01/201601190916241525_main.JPG"
"196","102","网驰GTX750Ti-2GD5 限量版 V3","/Resource/2016/01/201601111106276664_main.JPG"
"194","102","网驰GTX750Ti-Twin-2GD5 Green","/Resource/2015/11/201511121710062962_main.JPG"
"195","102","网驰GTX750Ti-2GD5 限量版 V5","/Resource/2015/11/201511102139531307_main.JPG"
"193","102","iGame750Ti 烈焰战神S-Twin-2GD5","/Resource/2015/05/201505071511538435_main.JPG"
"191","102","网驰GTX750Ti-2GD5 限量版 V2","/Resource/2015/04/201504151648355402_main.JPG"
"192","102","Colorful 750Ti-2GD5 定制版","/Resource/2015/04/201504151638014741_main.JPG"
"190","102","网驰GTX750Ti-2GD5 限量版","/uploads/image/2018/01/20180123160629069810.jpg"
"187","102","战斧GTX750Ti-Twin-2GD5","/Resource/2014/11/201411251055251620_main.JPG"
"188","102","战斧GTX750Ti-2GD5 V2 BE1","/Resource/2014/11/201411181034523061_main.JPG"
"189","102","iGame750Ti 烈焰战神U-1GD5 V3","/Resource/2014/11/201411101531481398_main.JPG"
"186","102","iGame750Ti 冰封骑士LP-2GD5","/Resource/2014/07/201407251624350751_main.JPG"
"185","102","网驰GTX750Ti-1GD5 Green","/Resource/2014/06/201406230940348336_main.JPG"
"184","102","iGame750Ti 冰封骑士Slim-2GD5","/Resource/2014/06/201406131008397151_main.JPG"
"182","102","iGame750Ti 烈焰战神U-Twin-2GD5 V2","/Resource/2014/05/201405231138193130_main.JPG"
"183","102","iGame750Ti 烈焰战神U-Twin-2GD5","/Resource/2014/05/201405202012102447_main.JPG"
"180","102","iGame750Ti 烈焰战神U-Twin-1GD5","/Resource/2014/04/201404251525338426_main.JPG"
"181","102","战斧GTX750Ti-2GD5 V2","/Resource/2014/04/201404251600514937_main.JPG"
"176","102","网驰GTX750Ti-2GD5","/Resource/2014/03/201403311459139211_main.JPG"
"177","102","网驰GTX750Ti-1GD5","/Resource/2014/03/201403311508247139_main.JPG"
"178","102","iGame750Ti 烈焰战神U-2GD5","/Resource/2014/03/201403311517351790_main.JPG"
"179","102","战斧GTX750Ti-2GD5","/Resource/2014/03/201403311450218173_main.JPG"
"174","102","网驰GTX750Ti-2GD5","/Resource/2014/03/201403171635376369_main.JPG"
"175","102","iGame750Ti 烈焰战神X-Twin-2GD5","/Resource/2014/03/201403111505209733_main.JPG"
"172","102","网驰GTX750Ti-2GD5","/Resource/2014/02/201402081123342567_main.JPG"
"173","102","iGame750Ti 烈焰战神U-Twin-2GD5","/Resource/2014/02/201402121454146756_main.JPG"
"171","102","七彩虹GTX750 灵动鲨-Twin-2GD5","/Resource/2016/06/201606031759309566_main.JPG"
"169","102","iGame750 烈焰战神U-2GD5","/uploads/image/2018/01/20180123163615210470.jpg"
"170","102","iGame750 烈焰战神U-Twin-2GD5","/Resource/2015/09/201509011349357561_main.JPG"
"167","102","网驰GTX750-2GD5 限量版","/Resource/2015/05/201505131545450338_main.JPG"
"166","102","iGame750 烈焰战神S-Twin-2GD5","/Resource/2015/05/201505071503313642_main.JPG"
"168","102","iGame750 烈焰战神S-Twin-1GD5","/Resource/2015/05/201505071457172739_main.JPG"
"165","102","网驰GTX750-1GD5 定制版","/Resource/2015/04/201504151656228256_main.JPG"
"164","102","战斧GTX750-Twin-2GD5","/Resource/2015/04/201504031156197100_main.JPG"
"162","102","iGame750 烈焰战神U-Twin-2GD5 V2 BA1","/Resource/2015/03/201503261116593933_main.JPG"
"163","102","iGame750 烈焰战神U-Twin-2GD5","/Resource/2015/03/201503201625003515_main.JPG"
"161","102","网驰GTX750-2GD5 V3","/uploads/image/2018/05/20180502163739671606.jpg"
"159","102","战斧GTX750-Twin-1GD5","/Resource/2014/11/201411251104375147_main.JPG"
"158","102","Colorful 750-2GD5 定制版","/Resource/2014/11/201411101541427220_main.JPG"
"160","102","iGame750 烈焰战神U-Twin-1GD5 V2 BB1","/Resource/2014/11/201411061415215566_main.JPG"
"157","102","iGame750 烈焰战神U-Twin-2GD5","/Resource/2014/08/201408051038109527_main.JPG"
"154","102","iGame750 冰封骑士LP-1GD5","/Resource/2014/06/201406230929026415_main.JPG"
"155","102","iGame750 冰封骑士Slim-1GD5","/Resource/2014/06/201406131000172202_main.JPG"
"156","102","网驰GTX750-2GD5","/Resource/2014/06/201406121930451350_main.JPG"
"153","102","iGame750 烈焰战神U-Twin-1GD5 V2","/Resource/2014/04/201404161003115472_main.JPG"
"150","102","iGame750 烈焰战神U-1GD5","/Resource/2014/03/201403311529529545_main.JPG"
"152","102","战斧GTX750-1GD5","/Resource/2014/03/201403211429300886_main.JPG"
"151","102","网驰GTX750-1GD5 Green","/Resource/2014/03/201403191126272293_main.JPG"
"149","102","iGame750 烈焰战神X-Twin-1GD5","/Resource/2014/03/201403111519455152_main.JPG"
"147","102","网驰GTX750-1GD5","/Resource/2014/02/201402081435109532_main.JPG"
"148","102","iGame750 烈焰战神U-Twin-1GD5","/Resource/2014/02/201402121430223369_main.JPG"
"202","102","iGame740 烈焰战神U-Twin-1GD5","/Resource/2014/05/201405291529020941_main.JPG"
"203","102","七彩虹GT740 灵动鲨-1GD5","/Resource/2014/06/201406171943577706_main.PNG"
"204","102","战斧GT740-1GD5","/Resource/2014/06/201406091005500506_main.JPG"
"205","102","iGame740 烈焰战神U-Twin-2GD5","/Resource/2014/06/201406090938093117_main.JPG"
"206","102","网驰GT740-1GD5 Green","/Resource/2014/06/201406131021276300_main.JPG"
"207","102","网驰GT740-1GD5","/Resource/2014/06/201406090952333691_main.JPG"
"208","102","七彩虹GT740 灵动鲨-2GD3","/Resource/2014/07/201407150827245986_main.JPG"
"209","102","iGame740 冰封骑士Slim-1GD5","/Resource/2014/07/201407211414474989_main.JPG"
"210","102","iGame740 烈焰战神U-1GD5","/Resource/2014/07/201407231436371347_main.JPG"
"211","102","iGame740 烈焰战神X-1GD5","/Resource/2014/07/201407141533206206_main.JPG"
"212","102","七彩虹GT740 灵动鲨-2GD5","/Resource/2014/09/201409301453581403_main.JPG"
"213","102","战斧GT740-2GD5","/Resource/2014/09/201409251107205205_main.JPG"
"214","102","七彩虹GT740 黄金版-1GD5","/Resource/2015/04/201504031131408829_main.JPG"
"215","102","七彩虹GT740 灵动鲨-1GD5","/Resource/2016/01/201601111038398424_main.JPG"
"216","102","七彩虹GT740 灵动鲨-2GD5 EA1","/Resource/2016/07/201607071408336298_main.JPG"
"1936","102","七彩虹 GeForce GT730K 黄金版 4GD3 V2","/uploads/image/2022/04/20220414130820282806.jpg"
"1869","102","七彩虹 GeForce GT730K 黄金版 4GD3","/uploads/image/2021/08/20210825152508087373.jpg"
"1826","102","七彩虹 GeForce GT730K LP 2GD3","/uploads/image/2021/05/20210525175455852528.jpg"
"1774","102","七彩虹 GeForce GT730K 黄金版-2GD5 V4","/uploads/image/2020/10/20201019143412351683.jpg"
"224","102","七彩虹GT730 黄金版-2GD3","/uploads/image/2019/11/20191125151826193173.jpg"
"1525","102","七彩虹 GeForce GT730K 黄金版-2GD5 V2","/uploads/image/2019/09/20190929101814099357.jpg"
"1659","102","七彩虹 GeForce GT730 黄金版-2GD5","/uploads/image/2019/04/20190428173041465450.jpg"
"217","102","七彩虹GT730 灵动鲨-1GD3","/Resource/2014/07/201407031501325396_main.JPG"
"218","102","七彩虹GT730K 灵动鲨-1GD3","/Resource/2014/06/201406231005570289_main.JPG"
"219","102","七彩虹GT730K 黄金版-2GD3","/Resource/2014/07/201407150811042572_main.JPG"
"220","102","七彩虹GT730K灵动鲨 2GD3","/Resource/2014/07/201407231410240987_main.JPG"
"221","102","七彩虹GT730K 黄金版-1GD3","/uploads/image/2018/05/20180502140537072183.jpg"
"222","102","七彩虹GT730 黄金版-1GD3","/Resource/2014/07/201407141621474496_main.JPG"
"223","102","七彩虹GT730 灵动鲨-1GD5","/Resource/2014/07/201407141705121983_main.JPG"
"225","102","七彩虹GT730 灵动鲨-2GD3","/Resource/2014/07/201407041144024067_main.JPG"
"226","102","七彩虹GT730K 灵动鲨-1GD5","/Resource/2014/07/201407211613325099_main.JPG"
"227","102","七彩虹GT730 黄金版-1GD3","/Resource/2014/08/201408250819285199_main.JPG"
"228","102","七彩虹GT730K 黄金版-1GD5","/Resource/2014/08/201408082047216889_main.JPG"
"229","102","战斧GT730K-Twin-1GD5","/Resource/2014/08/201408271012520032_main.JPG"
"230","102","七彩虹GT730K 黄金版-1GD5 V2","/Resource/2014/08/201408250828245861_main.JPG"
"231","102","七彩虹GT730K 黄金版-1GD3 EA1","/Resource/2014/08/201408121511264367_main.JPG"
"232","102","七彩虹GT730K 灵动鲨-1GD3 V2","/Resource/2014/09/201409281025534243_main.JPG"
"233","102","七彩虹GT730K 黄金版-1GD5 V3","/Resource/2014/09/201409101633475639_main.JPG"
"234","102","七彩虹GT730K 灵动鲨-2GD5","/Resource/2014/10/201410141418177716_main.JPG"
"235","102","七彩虹GT730K 灵动鲨-1GD3 V3","/Resource/2014/11/201411101520142785_main.JPG"
"236","102","七彩虹GT730K 黄金版-1GD3 V2","/Resource/2014/11/201411051717480849_main.JPG"
"238","102","七彩虹GT730K 黄金版-2GD5","/Resource/2015/02/201502100906431510_main.JPG"
"239","102","战斧GT730K-2GD5","/Resource/2015/04/201504241516159347_main.JPG"
"240","102","战斧GT730K-2GD5 V2","/Resource/2015/04/201504241514374045_main.JPG"
"241","102","七彩虹GT730K 黄金版-2GD5 V3","/Resource/2015/08/201508111420387584_main.JPG"
"242","102","七彩虹GT730K 黄金版-1GD3 V6","/Resource/2015/09/201509061034357687_main.JPG"
"243","102","七彩虹GT730K 黄金版-2GD3 V2","/Resource/2015/12/201512301626080178_main.JPG"
"244","102","七彩虹GT730K 黄金版-2GD3 V3","/Resource/2016/03/201603211537055208_main.JPG"
"245","102","七彩虹GT730K 白金版-2GD5","/Resource/2016/04/201604121705326174_main.JPG"
"246","102","七彩虹GT730K 黄金版-1GD5 V9","/Resource/2016/05/201605161729465128_main.JPG"
"247","102","七彩虹GT730K 黄金版-2GD3 V5","/Resource/2016/05/201605191614240093_main.JPG"
"248","102","七彩虹GT730K 黄金版-1GD3 V8","/Resource/2016/06/201606031749373766_main.JPG"
"1528","102","七彩虹 GeForce GT730K 黄金版-4GD5","/uploads/image/2018/03/20180302112012800067.jpg"
"237","102","七彩虹GT730 黄金版-1GD3 EB1","/Resource/2014/12/201412031640233702_main.JPG"
"256","102","七彩虹 GT720 黄金版-1GD3 V3 EA1","/Resource/2016/05/201605191556456741_main.JPG"
"250","102","七彩虹GT720 黄金版-1GD3","/Resource/2014/08/201408121048258436_main.JPG"
"251","102","七彩虹GT720 灵动鲨-2GD3","/Resource/2014/08/201408181706472179_main.JPG"
"252","102","七彩虹GT720 灵动鲨-1GD5","/Resource/2014/09/201409191558390631_main.JPG"
"253","102","七彩虹GT720 黄金版-1GD3 V2","/Resource/2014/09/201409171114476238_main.JPG"
"254","102","七彩虹GT720 黄金版-1GD3 V3","/Resource/2014/11/201411101508587162_main.JPG"
"255","102","七彩虹GT720 灵动鲨-2GD5","/Resource/2015/12/201512161042521700_main.JPG"
"366","102","七彩虹 GeForce GT710 黄金版-1GD3","/Resource/2016/01/201601141609261298_main.JPG"
"365","102","七彩虹 GeForce GT710 黄金版-2GD3","/Resource/2016/01/201601141549306706_main.JPG"
"1663","102","七彩虹 GeForce GT710 黄金版-1GD3 V3","/uploads/image/2019/05/20190517111312665406.jpg"
"1666","102","七彩虹 GeForce GT710 黄金版-2GD5 V2","/uploads/image/2019/05/20190524114817547465.jpg"
"1650","102","七彩虹 GeForce GT710 黄金版-2GD3 V3","/uploads/image/2019/04/20190417164605497358.jpg"
"370","102","七彩虹 GeForce GT710 冰暴鲨-1GD3","/uploads/image/2019/04/20190417162816287186.jpg"
"1651","102","七彩虹GeForce GT710 冰暴鲨-1GD3 V2","/uploads/image/2019/04/20190417162958686062.jpg"
"367","102","七彩虹 GeForce GT710 黄金版-2GD3 V2","/Resource/2016/07/201607071144185539_main.JPG"
"368","102","七彩虹 GeForce GT710 黄金版Ⅱ-2GD3","/Resource/2016/07/201607121709225605_main.JPG"
"369","102","七彩虹 GeForce GT710 黄金版-1GD3 V2","/Resource/2016/07/201607071132489983_main.JPG"
"862","102","七彩虹GTX680 CH-2GD5","/Resource/2013/03/201303081512171431_main.JPG"
"863","102","七彩虹680-GD5 CH版 2G HA2","/Resource/2012/11/09/0feedbcc-5300-4b21-aeb5-bbcf94ad608dmiddle_IMG_9489.jpg"
"865","102","iGame·九段 680 II H1","/Resource/2012/07/17/e28f7cd2-bf1e-4569-b757-bbfa4632ac4bmiddle_IMG_4086.jpg"
"866","102","七彩虹680-GD5 CH版 2048M HA1","/Resource/2012/07/13/8df94675-f039-41fb-b307-eb96011fd7dfmiddle_IMG_9807.jpg"
"864","102","iGame·九段 680","/Resource/2012/04/01/870b622b-0333-42b9-9abf-76fd0d5ed688middle_IMG_4086.jpg"
"868","102","七彩虹680-GD5 CH版 2048M EB1","/Resource/2012/03/30/d783d6e9-a6d1-4cbd-a8a6-8ec8f8fbc0ffmiddle_IMG_9489.jpg"
"867","102","七彩虹680-GD5 CH版 2048M EA1","/Resource/2012/03/23/6abb817f-ddcc-472f-975a-c7b69372b924middle_IMG_9489.jpg"
"1166","102","iGame670 烈焰战神X-2GD5","/Resource/2013/03/201303071800241902_main.JPG"
"1164","102","iGame670 烈焰战神U D5 4G HA1","/Resource/2012/12/201212121513205547_main.JPG"
"1165","102","iGame670 烈焰战神U D5 2G HA1","/Resource/2013/01/201301101807228849_main.JPG"
"1167","102","iGame670 烈焰战神X D5 2048M HA1","/Resource/2012/07/25/6293e9ec-5927-44a5-b298-6533a7331fe4middle_IMG_9938.jpg"
"1168","102","七彩虹670-GD5 CH版 2048M EA1","/Resource/2012/05/15/ad7f13fc-2a10-41b4-bd89-88cd905fb3b5middle_IMG_5709.jpg"
"721","102","iGame660Ti 烈焰战神U-2GD5","/Resource/2013/03/201303071809561059_main.JPG"
"722","102","iGame660 烈焰战神U-3GD5","/Resource/2013/03/201303071814374610_main.JPG"
"720","102","iGame660Ti 烈焰战神X-2GD5","/Resource/2013/02/201302191731541958_main.JPG"
"719","102","iGame660Ti 烈焰战神U D5 3G HA1","/Resource/2012/12/201212121452473112_main.JPG"
"723","102","iGame660Ti 烈焰战神U D5 2G HA1","/Resource/2012/09/29/b155ff1f-692f-462c-9aca-149499b4ec51middle_IMG_2769.jpg"
"718","102","iGame660Ti 烈焰战神X D5 2048M HA1","/Resource/2012/08/21/a275a430-9fb5-45d0-9677-a5507131ea6cmiddle_IMG_9938.jpg"
"1187","102","网驰GTX660-3GD5 Green","/Resource/2015/06/201506161455260443_main.JPG"
"1186","102","iGame660 烈焰战神U-3GD5 V2","/Resource/2015/05/201505131526280836_main.JPG"
"1185","102","iGame660 烈焰战神U-3GD5","/Resource/2014/12/201412221039226823_main.JPG"
"1183","102","网驰GTX660-3GD5","/Resource/2014/11/201411251341417691_main.JPG"
"1184","102","Colorful660-3GD5","/Resource/2014/11/201411251427493517_main.JPG"
"1182","102","网驰GTX660-2GD5 Green","/Resource/2014/04/201404251631520241_main.JPG"
"1181","102","Colorful660-2GD5","/Resource/2013/11/201311281447549301_main.JPG"
"1180","102","网驰GTX660-2GD5","/Resource/2013/11/201311251126386759_main.JPG"
"1179","102","Colorful660-2GD5 SI","/Resource/2013/08/201308281106107730_main.JPG"
"1177","102","iGame660 烈焰战神X-2GD5","/Resource/2013/02/201302251737319833_main.JPG"
"1178","102","iGame660 烈焰战神U-2GD5","/Resource/2013/02/201302251731120826_main.JPG"
"1188","102","iGame660 烈焰战神X D5 2G HA2","/Resource/2012/11/09/51165cd0-cd67-46a3-94b5-eca51d7b5664middle_IMG_9938.jpg"
"1189","102","iGame660 烈焰战神U D5 2G HA2","/Resource/2012/11/09/b0e552d1-c906-43c6-adb7-bab058610ed3middle_IMG_2769.jpg"
"1190","102","iGame660 烈焰战神U D5 2G HA1","/Resource/2012/09/14/8910b66d-2848-4788-9215-66774eb98788middle_IMG_2769.jpg"
"1191","102","iGame660 烈焰战神X D5 2G HA1","/Resource/2012/09/14/c54074e8-f80d-417e-9dec-af9e452879c7middle_IMG_9938.jpg"
"70","102","Colorful 650Ti BOOST-1GD5","/Resource/2013/07/201307251159393882_main.JPG"
"69","102","网驰GTX650TI BOOST-2GD5","/Resource/2013/07/201307251132078592_main.JPG"
"71","102","Colorful 650Ti BOOST-2GD5","/Resource/2013/07/201307251412022722_main.JPG"
"68","102","网驰GTX650Ti BOOST-1GD5","/Resource/2013/07/201307031045180432_main.JPG"
"67","102","iGame650Ti BOOST 烈焰战神U-1GD5","/Resource/2013/05/201305161748120270_main.JPG"
"66","102","iGame650Ti BOOST 烈焰战神U-2GD5","/Resource/2013/03/201303271248215686_main.JPG"
"65","102","iGame650Ti BOOST 烈焰战神X-2GD5","/Resource/2013/03/201303271606093124_main.JPG"
"1136","102","iGame650Ti 烈焰战神U-1GD5 V2","/Resource/2014/02/201402181100015059_main.JPG"
"1135","102","iGame650Ti 烈焰战神U-Twin-1GD5 V2","/Resource/2014/01/201401241734570634_main.JPG"
"1134","102","iGame650Ti 烈焰战神U-Twin-1GD5 V2","/Resource/2014/01/201401171519374492_main.JPG"
"1133","102","iGame650Ti 烈焰战神X-1GD5 V2","/Resource/2013/11/201311131446094098_main.JPG"
"1132","102","网驰GTX650Ti-1GD5 Green BA1","/Resource/2013/08/201308291125100700_main.JPG"
"1131","102","网驰GTX650Ti-2GD5","/Resource/2013/08/201308161420189957_main.JPG"
"1130","102","网驰GTX650TI BOOST-2GD5","/Resource/2013/07/201307121124295603_main.JPG"
"1128","102","iGame650Ti 烈焰战神U-Twin-1GD5","/Resource/2013/04/201304271558371917_main.JPG"
"1129","102","iGame650Ti 烈焰战神U-Twin-2GD5","/Resource/2013/04/201304271553333713_main.JPG"
"1126","102","战斧GTX650Ti-1GD5","/Resource/2013/03/201303011645413196_main.JPG"
"1127","102","网驰GTX650Ti-1GD5","/Resource/2013/03/201303011623401830_main.JPG"
"1125","102","iGame650Ti 烈焰战神X-1GD5","/Resource/2013/02/201302191714537424_main.JPG"
"1122","102","iGame650Ti 烈焰战神U-2GD5","/Resource/2013/01/201301231715325169_main.JPG"
"1123","102","iGame650Ti 烈焰战神U-1GD5","/Resource/2013/01/201301231710199881_main.JPG"
"1124","102","iGame650Ti 烈焰战神U D5 1024M BA2","/Resource/2013/01/201301101812293864_main.JPG"
"1137","102","网驰650Ti-GD5 2G BA1","/Resource/2012/11/16/c087e11d-c654-48ad-b2d3-0408c596093fmiddle_IMG_2933.jpg"
"1139","102","网驰650Ti-GD5 1024M BA1","/Resource/2012/11/16/42f72db7-8f9c-4f6a-9029-ddbb9f5ad422middle_IMG_2933.jpg"
"1138","102","iGame650Ti 烈焰战神X D5 1024M BA1","/Resource/2012/11/09/a2a91103-ede4-43a0-892a-74df76b6581bmiddle_IMG_2880.jpg"
"1142","102","iGame650Ti 烈焰战神X D5 1024M BA2","/Resource/2012/11/09/2ddf6b0e-f047-4fc1-a4fd-df56b0c17d08middle_IMG_2880.jpg"
"1140","102","iGame650Ti 烈焰战神U D5 2G BA1","/Resource/2012/10/10/e2935cd3-02cf-485f-a4d3-84447eb3b041middle_IMG_2919.jpg"
"1141","102","iGame650Ti 烈焰战神X D5 1024M BA1","/Resource/2012/10/10/f31b805e-5cbb-4dc4-984d-70f05929f510middle_IMG_2880.jpg"
"1143","102","iGame650Ti 烈焰战神U D5 1024M BA1","/Resource/2012/10/10/cfdbb761-17b2-4764-974f-933218703276middle_IMG_2919.jpg"
"575","102","iGame650 烈焰战神X-2GD5","/Resource/2015/11/201511041435564357_main.JPG"
"574","102","网驰GTX650-2GD5 V2","/Resource/2015/04/201504031147498207_main.JPG"
"573","102","iGame650 烈焰战神U-Twin-1GD5","/Resource/2014/08/201408151035511432_main.JPG"
"572","102","战斧GTX650-1GD5 V2","/Resource/2014/04/201404251620468826_main.JPG"
"571","102","战斧GTX650-2GD5","/Resource/2013/11/201311281459297897_main.JPG"
"570","102","战斧GTX650-1GD5","/Resource/2013/11/201311221422235883_main.JPG"
"569","102","网驰GTX650-1GD5 Green V2","/Resource/2013/11/201311111050278394_main.JPG"
"568","102","网驰GTX650-2GD5 V2","/Resource/2013/08/201308161141410387_main.JPG"
"567","102","七彩虹 GT650 白金版 D5 1024M","/Resource/2013/07/201307041654590487_main.JPG"
"564","102","iGame650 烈焰战神U-Twin-2GD5","/Resource/2013/04/201304271603434862_main.JPG"
"565","102","iGame650 烈焰战神X-Twin-1GD5","/Resource/2013/05/201305071714241780_main.JPG"
"566","102","iGame650 烈焰战神U-Twin-1GD5","/Resource/2013/05/201305071703123596_main.JPG"
"561","102","iGame650 烈焰战神U-1GD5 V2","/Resource/2013/03/201303071831001592_main.JPG"
"562","102","iGame650 烈焰战神U-1GD5","/Resource/2013/03/201303071846539828_main.JPG"
"563","102","iGame650 烈焰战神X-1GD5","/Resource/2013/03/201303071819322169_main.JPG"
"560","102","网驰GTX650-1GD5","/Resource/2013/03/201303011638186343_main.JPG"
"559","102","网驰GTX650-1GD5 Green","/Resource/2013/02/201302191656158155_main.JPG"
"558","102","iGame650 烈焰战神U-2GD5","/Resource/2013/01/201301251602391594_main.JPG"
"556","102","战斧GTX650-1GD5","/Resource/2012/12/201212291619395156_main.JPG"
"557","102","iGame650 烈焰战神U D5 1024M BE1","/Resource/2012/12/201212121427219779_main.JPG"
"555","102","网驰650-GD5 1024M Green MA1","/Resource/2012/12/201212261605150498_main.JPG"
"554","102","网驰650-GD5 1024M BB1","/Resource/2012/11/09/4a23243f-20cf-4309-9092-556d011137a2middle_IMG_2933.jpg"
"579","102","iGame650 烈焰战神U D5 2G BB1","/Resource/2012/10/19/55208daa-04cb-4378-844f-c55a8c79a1f4middle_IMG_2919.jpg"
"576","102","网驰650-GD5 2G BA1","/Resource/2012/09/29/9406910e-829b-449e-8185-39d860e9664emiddle_IMG_2933.jpg"
"577","102","网驰 650-GD5 1024M BA1","/Resource/2012/09/29/e12cee17-c2df-4570-964e-42b697a44d56middle_IMG_2933.jpg"
"578","102","iGame650 烈焰战神U D5 1024M BD1","/Resource/2012/09/29/73363359-70d7-4acd-8cb1-d4e43805421dmiddle_IMG_2919.jpg"
"583","102","iGame650 烈焰战神X D5 1024M BA1","/Resource/2012/09/29/fdca3c68-da30-41d0-8050-f66c550972b5middle_IMG_3436.jpg"
"580","102","iGame650 烈焰战神U D5 1024M BC1","/Resource/2012/09/20/3b3a0992-b318-42fc-8e0c-9e7ce11d7a58middle_IMG_2919.jpg"
"581","102","iGame650 烈焰战神U D5 1024M BA1","/Resource/2012/09/14/42815dd6-072a-41c3-9ea1-7fcce5474500middle_IMG_1831.jpg"
"582","102","iGame650 烈焰战神U D5 2G BA1","/Resource/2012/09/14/d8c81229-622d-4cbb-b7d0-71b0940f9eeemiddle_IMG_2801.jpg"
"641","102","七彩虹GT640 灵动鲨-1GD5 V2","/Resource/2014/05/201405231205263411_main.JPG"
"640","102","战斧GT640-1GD5","/Resource/2013/07/201307121134311588_main.JPG"
"638","102","七彩虹GT640 白金版 D3 1024M","/Resource/2013/07/201307041713330454_main.JPG"
"639","102","七彩虹 GT640 白金版 D3 2048M","/Resource/2013/07/201307041712441126_main.JPG"
"637","102","网驰GT640-1GD5","/Resource/2013/07/201307031010496039_main.JPG"
"636","102","七彩虹GT640 灵动鲨-1GD5","/Resource/2013/05/201305311000219681_main.JPG"
"634","102","七彩虹GT640 雷暴鲨-1GD3","/Resource/2013/01/201301181450496194_main.JPG"
"633","102","战斧GT640-1GD3","/Resource/2013/01/201301231725384696_main.JPG"
"635","102","战斧GT640-2GD3","/Resource/2013/01/201301231730293242_main.JPG"
"642","102","七彩虹640 Pro X4 2G","/Resource/2012/10/19/e03ee6a4-08f9-40fa-ac33-e6b07ae77c93middle_IMG_3727.jpg"
"643","102","七彩虹640 雷暴鲨 D3 2048M MA1","/Resource/2012/06/05/80a0f4a6-4405-4669-835a-b15796948071middle_IMG_7434.jpg"
"1259","102","七彩虹GT630K 灵动鲨-2GD3 Ⅱ","/Resource/2014/07/201407141607581327_main.JPG"
"1260","102","七彩虹GT630K 黄金版-2GD3","/Resource/2014/07/201407141557568425_main.JPG"
"1258","102","七彩虹GT630 CF黄金版-1GD3 V2","/Resource/2014/04/201404161015362648_main.JPG"
"1257","102","七彩虹GT630 CF黄金版-2GD3","/uploads/image/2018/05/20180502135905652367.jpg"
"1253","102","七彩虹GT630K 灵动鲨-2GD3 V2","/Resource/2013/12/201312091109407798_main.JPG"
"1254","102","七彩虹GT630 CF黄金版-2GD3","/uploads/image/2018/05/20180502135927476715.jpg"
"1255","102","七彩虹GT630 灵动鲨-1GD3 V3","/Resource/2013/12/201312091047247872_main.JPG"
"1256","102","七彩虹GT630 灵动鲨-TC1GD5","/Resource/2013/12/201312091057286983_main.JPG"
"1251","102","七彩虹GT630K 黄金版-1GD3","/Resource/2013/11/201311291710323800_main.JPG"
"1252","102","七彩虹GT630 灵动鲨-2GD3 V2","/Resource/2013/11/201311221411106000_main.JPG"
"1248","102","七彩虹GT630 灵动鲨-1GD3 V2","/Resource/2013/11/201311061029368125_main.JPG"
"1249","102","七彩虹GT630 灵动鲨-4GD3 V2","/Resource/2013/11/201311061042269377_main.JPG"
"1250","102","战斧GT630-1GD5 Ⅲ","/Resource/2013/11/201311041143231973_main.JPG"
"1247","102","七彩虹GT630K 灵动鲨-1GD3 V2","/Resource/2013/10/201310121008289480_main.JPG"
"1246","102","七彩虹GT630 灵动鲨-1GD5 V7","/Resource/2013/09/201309111009330810_main.JPG"
"1244","102","七彩虹GT630 灵动鲨-1GD5 V4","/Resource/2013/08/201308291053254590_main.JPG"
"1245","102","七彩虹GT630 灵动鲨-1GD5 V5","/Resource/2013/08/201308281118194170_main.JPG"
"1235","102","七彩虹GT630 CF黄金版-2GD3","/uploads/image/2018/05/20180502135944839671.jpg"
"1238","102","七彩虹 GT630 白金版 D3 1024M","/Resource/2013/07/201307051125390163_main.JPG"
"1239","102","七彩虹 GT630 白金版 D3 2048M","/Resource/2013/07/201307051120445145_main.JPG"
"1240","102","七彩虹 GT630 黄金版 D5 TC1024M","/Resource/2013/07/201307051111276196_main.JPG"
"1242","102","七彩虹 630 黄金版 D3 1024M","/uploads/image/2018/05/20180502140043994206.jpg"
"1232","102","七彩虹 630 黄金版 D3 4G","/Resource/2013/07/201307051438459300_main.JPG"
"1233","102","七彩虹 GT630 白金版 D5 1024M","/Resource/2013/07/201307051444512189_main.JPG"
"1234","102","七彩虹 630 黄金版 D3 2048M","/Resource/2013/07/201307051103573139_main.JPG"
"1236","102","七彩虹 GT630 白金版 D3 1024M","/uploads/image/2018/05/20180502140203273583.jpg"
"1237","102","七彩虹 GT630 白金版 D3 2048M","/Resource/2013/07/201307051449307959_main.JPG"
"1241","102","七彩虹 630 白金版 D5 2048M","/Resource/2013/07/201307041719506100_main.JPG"
"1243","102","七彩虹 GT630 黄金版 1GD5","/Resource/2013/07/201307051448037559_main.JPG"
"1230","102","七彩虹GT630K 灵动鲨-1GD3","/Resource/2013/05/201305310935254605_main.JPG"
"1229","102","七彩虹GT630K 灵动鲨-2GD3","/Resource/2013/05/201305310948140924_main.JPG"
"1231","102","战斧GT630-1GD5 Ⅱ","/Resource/2013/05/201305271102391612_main.JPG"
"1228","102","七彩虹GT630 雷暴鲨-2GD5","/Resource/2013/03/201303071732459414_main.JPG"
"1220","102","七彩虹GT630 灵动鲨-1GD5","/Resource/2012/12/201212261620250958_main.JPG"
"1227","102","七彩虹GT630 灵动鲨-4GD3","/Resource/2013/02/201302191747447942_main.JPG"
"1225","102","七彩虹GT630 灵动鲨-1GD5 BA1","/Resource/2013/02/201302191813583992_main.JPG"
"1226","102","七彩虹GT630 雷暴鲨-1GD5","/Resource/2013/08/201308051426374270_main.JPG"
"1223","102","七彩虹GT630 灵动鲨-1GD3","/Resource/2013/01/201301291344473921_main.JPG"
"1224","102","七彩虹GT630 灵动鲨-2GD3","/Resource/2013/01/201301251714137540_main.JPG"
"1216","102","战斧GT630-1GD5","/Resource/2012/12/201212291627420122_main.JPG"
"1217","102","战斧GT630-1GD3","/Resource/2012/12/201212131625267129_main.JPG"
"1218","102","战斧GT630-2GD3","/uploads/image/2018/05/20180502140300557287.jpg"
"1219","102","七彩虹630 灵动鲨 D3 1024M MF1","/Resource/2012/12/201212261634411908_main.JPG"
"1283","102","七彩虹630 灵动鲨 D5 TC1024M MA2","/Resource/2012/11/23/9c66489a-ae7d-4eac-9bfa-41515e41fd49middle_IMG_6110.jpg"
"1262","102","七彩虹630 灵动鲨 D3 2G MC1","/Resource/2012/11/16/ef7dc607-b9d6-4c0a-8691-63c27b8b94c9middle_IMG_5902.jpg"
"1215","102","七彩虹630 雷暴鲨 D5 1024M MC1","/Resource/2012/11/09/16b1d441-3d7d-4f1d-a4bb-170141b6fedcmiddle_IMG_5755.jpg"
"1261","102","七彩虹630 灵动鲨 D3 2G MD1","/Resource/2012/11/09/cd85b013-fa60-4ba4-8653-b578dabd7e15middle_IMG_4918.jpg"
"1281","102","七彩虹630 灵动鲨 D3 4G MB1","/Resource/2012/11/09/ce696f22-ec0d-4260-b87b-ec7c90722a2dmiddle_IMG_4918.jpg"
"1282","102","七彩虹630 雷暴鲨 D3 2G MD1","/Resource/2012/11/09/2791c673-794c-4530-a376-908ae4290858middle_IMG_5843.jpg"
"1221","102","七彩虹GT630 白金版D5 1024M","/Resource/2012/12/201212281333124456_main.JPG"
"1222","102","七彩虹 GT630 白金版 D5 2048M","/Resource/2012/12/201212281358018558_main.JPG"
"1271","102","iGame630 烈焰战神U D5 1024M BA1","/Resource/2012/10/30/219e423e-39ad-4604-a0b5-730952cd89e6middle_IMG_1831.jpg"
"1272","102","网驰630-GD5 1024M MB1","/Resource/2012/10/30/c874c092-f1b9-4826-861d-cd5955ef2d8dmiddle_IMG_4902.jpg"
"1212","102","七彩虹630 雷暴鲨 D3 2G MC1","/Resource/2012/10/10/e2e55c76-49c2-4879-bf53-4a3c8e37ab06middle_IMG_3660.jpg"
"1264","102","七彩虹630 雷暴鲨 D3 1024M MB1","/Resource/2012/10/10/6346ca32-f277-4952-8b4b-bcf56a6c47c1middle_IMG_3672.jpg"
"1270","102","七彩虹630 灵动鲨 D3 1024M MD1","/Resource/2012/10/10/046cb2c2-20f4-4055-b3e0-8ee7f573ad99middle_IMG_3666.jpg"
"1273","102","七彩虹630 雷暴鲨G D5 1024M MA1","/Resource/2012/10/10/4027ada4-1793-4b80-891c-3e90a20a7bc0middle_IMG_3685.jpg"
"1265","102","七彩虹630 灵动鲨 D3 2048M MB1","/Resource/2012/09/06/9497317b-9d53-4305-8f71-04e5aedd6cb3middle_IMG_2379.jpg"
"1214","102","七彩虹630 灵动鲨 D3 1024M MB2","/Resource/2012/08/31/5c63a3a5-5be5-4835-a604-c4f1d7ec9754middle_IMG_1740.jpg"
"1268","102","七彩虹630 灵动鲨 D5 TC1024M MA1","/Resource/2012/08/31/bff84ef9-8c3a-4e63-8b67-f88ad304790fmiddle_IMG_1754.jpg"
"1286","102","七彩虹630 灵动鲨 D3 1024M MC1","/Resource/2012/08/30/e508799e-f401-40ee-9bd9-78a61c1319b9middle_IMG_1740.jpg"
"1267","102","七彩虹630 雷暴鲨 D3 2048M MB1","/Resource/2012/08/24/73c48528-18a0-4067-8402-a5b83d0e0c78middle_IMG_1194.jpg"
"1266","102","七彩虹630 灵动鲨 D5 1024M MB1","/Resource/2012/08/15/994b762a-db0b-4d23-853e-f252f5c46deemiddle_七彩虹630 灵动鲨 D5 1024M MB1.jpg"
"1287","102","七彩虹630 灵动鲨 D3 1024M MB1","/Resource/2012/08/10/527076bb-dddb-432d-a493-ca77198ed4d4middle_IMG_0576.jpg"
"1278","102","七彩虹630 灵动鲨 D3 4096M MA1","/Resource/2012/08/02/571c8e81-3462-4518-b3be-816ec1b6aa43middle_IMG_0427.jpg"
"1280","102","七彩虹630 灵动鲨 D5 1024M MA1","/Resource/2012/07/26/74a296b4-464e-4a21-91fb-1635aa95e42amiddle_IMG_0360.jpg"
"1263","102","七彩虹630 灵动鲨 D3 1024M MA2","/Resource/2012/07/25/094546fa-94ce-41a2-a806-d4505d9fc0a9middle_IMG_0304.jpg"
"1285","102","七彩虹630 灵动鲨 D3 2048M MA1","/uploads/image/2018/05/20180502135750132761.jpg"
"1274","102","网驰 630-GD5 1024M MA1","/Resource/2012/07/05/94c00511-9192-4c37-95a9-7a2b152ed24fmiddle_IMG_8805.jpg"
"1279","102","网驰630-GD5 512M MA1","/Resource/2012/07/05/76ae4ac0-589d-4679-bca3-c9e1629a7a4dmiddle_IMG_9130.jpg"
"1213","102","七彩虹630 灵动鲨 D3 1024M MA1","/Resource/2012/06/25/3b7df164-72c6-4df5-81ee-22cc938005demiddle_七彩虹630 灵动鲨 D3 1024M MA1.jpg"
"1276","102","七彩虹630 雷暴鲨 D5 2048M MA1","/Resource/2012/06/08/7078c68a-6754-40cf-b058-2ff8e83e6795middle_IMG_9274.jpg"
"1284","102","七彩虹630 雷暴鲨 D3 2048M MA1","/Resource/2012/06/07/0a7974ff-1863-4ae4-9a39-37b05fa43c72middle_七彩虹620 灵动鲨 D3 1024M MB2.jpg"
"1269","102","七彩虹630 雷暴鲨 D3 1024M MA1","/Resource/2012/05/17/e5878867-12fe-418f-a405-00d57802c4a7middle_IMG_5993.jpg"
"1275","102","七彩虹630 雷暴鲨 D5 1024M MA1","/Resource/2012/05/17/d9a9fc01-804f-4415-992a-c1c0a4ad3797middle_IMG_5549.jpg"
"1277","102","七彩虹630 雷暴鲨 D5 1024M MB1","/Resource/2012/06/08/468048eb-e512-4f8d-8680-bd8726909036middle_IMG_9274.jpg"
"54","102","七彩虹GT620 CF黄金版-1GD3 LB1","/Resource/2013/08/201308291107413800_main.JPG"
"51","102","七彩虹 GT620 白金版 D3 2048M","/Resource/2013/07/201307051134006610_main.JPG"
"52","102","七彩虹 GT620 白金版 D3 TC1024M","/Resource/2013/07/201307051149540505_main.JPG"
"53","102","七彩虹 GT620 白金版 D3 1024M","/Resource/2013/07/201307051141234113_main.JPG"
"50","102","七彩虹GT620 灵动鲨-1GD3","/Resource/2013/03/201303071729368185_main.JPG"
"49","102","七彩虹GT620 灵动鲨-2GD3","/Resource/2013/01/201301251709413694_main.JPG"
"55","102","七彩虹620 灵动鲨 D3 1024M MG1","/Resource/2012/11/23/28bdd04b-419f-4f30-810f-3d1c03537f04middle_IMG_6370.jpg"
"58","102","七彩虹620 灵动鲨 D3 2G MC1","/Resource/2012/11/23/1d851568-c7d0-47bb-b073-33f8d7a9ea02middle_IMG_6364.jpg"
"60","102","七彩虹620 灵动鲨 D3 2048M MA2","/Resource/2012/09/20/957506ca-feed-4075-b8ba-338c0bca26d2middle_IMG_2953.jpg"
"59","102","七彩虹620 灵动鲨 D3 1024M MB2","/Resource/2012/06/07/a2723b0a-e594-4e37-bd43-f838772ae83fmiddle_七彩虹620 灵动鲨 D3 1024M MB2.jpg"
"61","102","七彩虹620 灵动鲨 D3 2048M MA1","/Resource/2012/07/17/da12ae57-cb80-4e12-9c5e-724f6c0fbf7bmiddle_IMG_9905.jpg"
"56","102","七彩虹620 灵动鲨 D3 TC1024M MA1","/Resource/2012/05/17/8023750a-aef2-49bf-9b94-60e46c12b92bmiddle_IMG_6646.jpg"
"57","102","七彩虹620 灵动鲨 D3 1024M MA1","/Resource/2012/05/17/438ae8fd-8328-4bd5-9d06-54d74f561720middle_七彩虹620 灵动鲨 D3 1024M MA1.jpg"
"62","102","七彩虹620 灵动鲨 D3 1024M MB1","/Resource/2012/05/17/7260797a-526f-4ebd-b9f7-1e5cdae5c69bmiddle_IMG_6632.jpg"
"63","102","七彩虹620 灵动鲨 D3 TC1024M MA2","/Resource/2012/05/17/4a70774c-502d-4e16-95ae-bd1cc036965emiddle_IMG_6639.jpg"
"541","102","七彩虹GT610 CF黄金版-2GD3 V3","/Resource/2016/05/201605191500347169_main.JPG"
"542","102","七彩虹GT610 黄金版-1GD3 V3","/Resource/2016/05/201605191518460773_main.JPG"
"540","102","七彩虹GT610 黄金版-2GD3 V2","/Resource/2015/09/201509181426556641_main.JPG"
"539","102","七彩虹GT610 黄金版-1GD3 EA1","/Resource/2015/03/201503121050204464_main.JPG"
"538","102","七彩虹GT610 CF黄金版-2GD3 V9","/Resource/2014/12/201412251623206769_main.JPG"
"537","102","七彩虹GT610 CF黄金版-2GD3 V8","/Resource/2014/11/201411051708584303_main.JPG"
"536","102","七彩虹GT610 CF黄金版Ⅱ-1GD3 V6","/Resource/2014/03/201403191146372666_main.JPG"
"535","102","七彩虹GT610 CF黄金版Ⅱ-1GD3 V5","/Resource/2014/02/201402261636056634_main.JPG"
"533","102","七彩虹GT610 CF黄金版-2GD3 V5","/Resource/2013/09/201309261110025430_main.JPG"
"534","102","七彩虹GT610 CF黄金版Ⅱ-1GD3 V4","/Resource/2013/09/201309261119163740_main.JPG"
"528","102","七彩虹GT610 CF黄金版-1GD3 V3","/Resource/2013/08/201308201127318273_main.JPG"
"529","102","七彩虹GT610 CF黄金版Ⅱ-1GD3 V3","/Resource/2013/08/201308201141586363_main.JPG"
"530","102","七彩虹GT610 CF黄金版-2GD3 V4","/Resource/2013/08/201308081100469950_main.JPG"
"531","102","七彩虹GT610 CF黄金版Ⅱ-1GD3","/Resource/2013/08/201308081108550020_main.JPG"
"532","102","七彩虹GT610 CF黄金版-2GD3","/Resource/2013/08/201308051156554425_main.JPG"
"525","102","七彩虹 GT610 白金版 D3 2048M","/Resource/2013/07/201307051203593359_main.JPG"
"526","102","七彩虹 GT610 冰封骑士 D3 2048M","/Resource/2013/07/201307051157173249_main.JPG"
"527","102","七彩虹 GT610 白金版 D3 1024M","/Resource/2013/07/201307051221563605_main.JPG"
"523","102","七彩虹GT610 灵动鲨-1GD3 ME1","/Resource/2013/03/201303071744053152_main.JPG"
"524","102","七彩虹GT610 冰暴鲨-2GD3 V2","/Resource/2013/03/201303071750189546_main.JPG"
"522","102","七彩虹GT610 灵动鲨-1GD3","/Resource/2013/02/201302251753119751_main.JPG"
"521","102","七彩虹GT610 灵动鲨-2GD3","/Resource/2013/01/201301251628459100_main.JPG"
"520","102","七彩虹GT610 冰暴鲨-2GD3","/Resource/2013/01/201301231739028246_main.JPG"
"519","102","七彩虹610 灵动鲨 D3 1024M MB2","/Resource/2012/12/201212071657137162_main.JPG"
"553","102","七彩虹610 灵动鲨 D3 1024M MC1","/Resource/2012/11/23/50448403-06d3-4dea-b2b1-1825ec835293middle_IMG_6346.jpg"
"550","102","七彩虹610 PRO X2 1G","/Resource/2012/11/02/6ace93c0-c809-49f7-97d0-368c6f4673e3middle_IMG_5355.jpg"
"546","102","七彩虹610 灵动鲨 D3 2G MB1","/Resource/2012/10/10/ce9cd7da-cf7f-4847-8d33-8fb6671b312bmiddle_IMG_3679.jpg"
"549","102","七彩虹610 灵动鲨 D3 1024M MB1","/Resource/2012/09/29/5e351304-4133-4fce-b82c-86d8a8e164bfmiddle_IMG_3430.jpg"
"544","102","七彩虹610 灵动鲨 D3 2048M MA2","/Resource/2012/09/20/aec44b52-6e14-45c3-867e-edbead63ba5bmiddle_IMG_2971.jpg"
"518","102","七彩虹610 灵动鲨 D3 1024M MA2","/Resource/2012/08/02/ca5217ba-0ca4-4852-8700-71861b402d40middle_IMG_0421.jpg"
"543","102","七彩虹610 灵动鲨 D3 2048M MA1","/Resource/2012/08/02/5bc8a770-d33c-485e-ac78-027a8b7fdbb7middle_IMG_0421.jpg"
"547","102","七彩虹610 灵动鲨 D3 1024M MA3","/Resource/2012/05/24/77e499ce-4e32-4640-bb13-e7fd12cf3c1bmiddle_七彩虹610 灵动鲨 D3 1024M MA1.jpg"
"545","102","七彩虹610 冰暴鲨 D3 2048M LA1","/Resource/2012/05/17/ad05938d-90e8-400d-a5c3-8b33a7ef0f45middle_IMG_1852.jpg"
"548","102","七彩虹610 灵动鲨 D3 1024M MA1","/Resource/2012/05/17/f36253f6-6c7f-4bdf-b85b-cdf925ea854dmiddle_七彩虹610 灵动鲨 D3 1024M MA1.jpg"
"551","102","七彩虹610 灵动鲨 D3 1024M MA2","/Resource/2012/05/17/a4c1ee3b-9d77-4b72-9765-0cb78cb23c34middle_七彩虹610 灵动鲨 D3 1024M MA2.jpg"
"552","102","七彩虹610 灵动鲨 D3 2048M MA1","/Resource/2012/05/17/dc586d56-5ddc-4a05-9bbc-c966c0f8accemiddle_IMG_1889.jpg"
"1048","102","七彩虹G210 CF黄金版-TC512MD2","/Resource/2014/04/201404251646438038_main.JPG"
"1047","102","七彩虹G210 CV黄金版-TC512MD2","/Resource/2013/11/201311221357108310_main.JPG"
"1045","102","七彩虹G210 CV黄金版-TC512MD2 V2","/Resource/2013/08/201308211523545043_main.JPG"
"1046","102","七彩虹G210 CF黄金版-1GD3 V3","/Resource/2013/08/201308081040322790_main.JPG"
"1044","102","七彩虹G210 冰暴鲨-1GD3","/Resource/2013/03/201303071755265542_main.JPG"
"1043","102","七彩虹210 CF黄金版 D3 1024M EB1","/Resource/2013/01/201301101800455641_main.JPG"
"1042","102","七彩虹210 冰暴鲨 D3 1024M LA2","/Resource/2012/12/201212131644089851_main.JPG"
"1049","102","七彩虹210 CV黄金版 D3 TC512M DA1","/Resource/2012/08/31/c40d80bf-155c-45d0-8a89-11f7eb773fffmiddle_IMG_1733.jpg"
"1075","102","七彩虹210 CF黄金版 D3 1024M LB1","/Resource/2012/08/31/5479c245-d53d-4862-8f9d-fa0903660e42middle_IMG_1727.jpg"
"1098","102","七彩虹210 CF 黄金版 D3 TC512M EA1","/Resource/2012/07/20/841ac29a-b4c5-40fd-8088-74248be80597middle_IMG_9958.jpg"
"1073","102","七彩虹210 CF 黄金版 D3 1024M EB1","/Resource/2012/07/05/166affb8-2586-4253-a8ed-a684e216aa41middle_IMG_9170.jpg"
"1040","102","七彩虹210-GD2 CV 黄金版 TC512M LA4","/Resource/2012/06/15/f763727c-e9a4-4d24-9d85-34672b9abdaemiddle_七彩虹210-GD2 CV 黄金版 TC512M LA4.jpg"
"1089","102","七彩虹210-GD2 CF 黄金版 TC1024M LA3","/Resource/2012/06/15/70f78e88-4817-4f81-ae5e-10255cd1fe33middle_七彩虹210-GD2 CF 黄金版 TC1024M LA3.jpg"
"1060","102","七彩虹210 CF黄金版 D3 1024M LA1","/Resource/2012/06/08/8f488b77-d063-49ad-98fd-43f77551804dmiddle_七彩虹210 CF黄金版 D3 1024M LA1.jpg"
"1077","102","七彩虹210-GD3 CF黄金版 1024M EA1","/Resource/2012/07/25/fc12afd4-759f-4219-b4e0-7ced995ac428middle_IMG_0317.jpg"
"1085","102","七彩虹210-GD3 CV黄金版 TC1024M LA1","/Resource/2012/05/07/d2697716-6671-4b33-8e74-c55409f74289middle_IMG_5563.jpg"
"1076","102","七彩虹210 冰暴鲨 D3 1024M LA1","/Resource/2012/04/25/1dd53d95-d4d4-41f4-9edb-30b4fb345458middle_IMG_1852.jpg"
"1068","102","七彩虹210-GD2 CF黄金版 TC1024M LA2","/Resource/2012/04/11/34c990a4-ed9a-4992-aa94-d0abd88f27famiddle_IMG_0078.jpg"
"1058","102","七彩虹210-GD2 CV黄金版 TC512M LA1","/Resource/2012/03/26/70ac7203-4cf0-41f8-9e13-9b9b9e3358b7middle_IMG_9906.jpg"
"1074","102","七彩虹210-GD3 CV黄金版 TC1024M A16","/Resource/2011/08/27/1dc15986-8868-4c37-a28e-65e7c821e163middle_七彩虹 210-GD3 CV黄金版 TC1024M A16 正面.jpg"
"1082","102","七彩虹210 冰暴鲨 D3 1024M M16","/Resource/2011/08/26/f0a2fa96-0832-4f2e-b89f-2b143cdfc390middle_七彩虹 210 冰暴鲨 D3 1024M M16 正面.jpg"
"1041","102","七彩虹210-GD2 CV黄金版 TC512M A25","/Resource/2011/06/28/c1762d27-370c-4042-b880-e82be3e056e9middle_七彩虹210-GD2 CV 黄金版 TC512M A25 正面（大）.jpg"
"1052","102","七彩虹210-GD3 CV黄金版 TC512M C10","/Resource/2011/07/01/c811b9c5-6da7-4b58-bfe2-19ddb3369f6cmiddle_七彩虹210-GD3 CV黄金版 TC512M C10 正面（大）.jpg"
"1084","102","七彩虹210-GD2 CF黄金版 TC512M F25","/Resource/2011/01/07/519f1e81-67b3-4819-9772-0b080626db15middle_七彩虹210-GD2 CF黄金版 TC512M F25 正面（大）.jpg"
"1097","102","七彩虹210-GD3 CF黄金版 TC1024M C10","/Resource/2011/01/06/f1cbbcb0-4528-4dd7-9e98-ba8185545c42middle_七彩虹210-GD3 CF黄金版 TC1024M C10 正面（大）.jpg"
"1081","102","七彩虹210-GD2 CF黄金版 TC1024M B25","/Resource/2010/12/21/009c7b91-4c6f-40ce-ad96-fcbe19025a7cmiddle_七彩虹210-GD2 CF 黄金版 TC1024M B25 正面（大）.jpg"
"1056","102","七彩虹210 冰暴鲨 D3 TC1024M M16","/Resource/2010/12/03/efe3f3d8-b704-4364-98db-3386b7ffecc2middle_七彩虹210 冰暴鲨 D3 TC1024M M16 正面（大）.jpg"
"1083","102","七彩虹210-GD3 CF黄金版 TC512M C11","/Resource/2010/11/19/594f879a-2ba5-4cfb-803c-488075be665emiddle_七彩虹 210-GD3 CF 黄金版 TC512M C11 正面（大）.jpg"
"1079","102","七彩虹210-GD3 CF黄金版 TC512M C10","/Resource/2010/11/18/73dac5b3-1b10-4a34-aa0a-3830053dc3bdmiddle_七彩虹 210-GD3 CF 黄金版 TC512M C10 正面（大）.jpg"
"1070","102","七彩虹210-GD2 CF黄金版 TC1024M C30","/Resource/2010/11/15/9aafbcbb-587d-4456-a963-9c4f6ac39b2dmiddle_七彩虹 210-GD2 CF 黄金版 TC1024M C30 正面（大）.jpg"
"1067","102","七彩虹210-GD3 CF黄金版 TC512M B08","/Resource/2010/11/10/a62316bd-72ee-4802-ae72-b26df80641cdmiddle_七彩虹 210-GD3 CF 黄金版 TC512M B08正面（大）.jpg"
"1072","102","七彩虹210-GD2 CF黄金版 TC1024M N18","/Resource/2010/11/10/dd86a8bf-e38d-4f39-b780-f983cddb3231middle_七彩虹 210-GD2 CF 黄金版 TC1024M N18正面（大）.jpg"
"1096","102","七彩虹210-GD3 CF黄金版 TC512M B10","/Resource/2010/11/10/920ba07d-6e21-48a9-96e0-3dad298243bfmiddle_七彩虹 210-GD3 CF黄金版 TC512M B10正面（大）.jpg"
"1053","102","七彩虹210-GD2 CF黄金版 TC1024M M25","/Resource/2010/11/04/44ec785a-77a1-4502-8fb1-22a3e0bc6311.jpg"
"1055","102","七彩虹210-GD3 CF黄金版 TC512M C08","/Resource/2010/11/01/6e44f80a-02b5-45e5-8cdf-d8c9998c4830.jpg"
"1054","102","七彩虹210-GD2 CF黄金版 TC512M C28","/Resource/2010/10/27/852104cb-c3bd-4201-97d2-27c322f32b46.jpg"
"1062","102","七彩虹210-GD2 CF黄金版 TC512M C20","/Resource/2010/10/27/5568d37f-a409-4446-9a4c-9bb465f98b15.jpg"
"1061","102","七彩虹210 冰暴鲨 D2 TC1024M M30","/Resource/2010/10/20/e97b3a56-c102-46e8-b732-60bad4aa21ee.jpg"
"1066","102","七彩虹210-GD2 CF黄金版 TC1024M C25","/Resource/2010/11/13/21a03645-424b-46aa-a231-72bee5d478f6middle_七彩虹210-GD2 CF 黄金版 TC 1024M C25 正面（大）.jpg"
"1093","102","七彩虹210 冰暴鲨 D3 TC1024M F16","/Resource/2010/09/01/7864e343-f2f0-494c-b6a7-5de8064a5979.jpg"
"1080","102","七彩虹210-GD3 CF黄金版 TC512M N08","/Resource/2010/07/26/2363492a-7031-419b-82ff-cced5858b2be.jpg"
"1064","102","七彩虹210-GD2 CF黄金版 TC512M M28","/Resource/2010/06/28/43909a92-3c6d-4332-a167-d271038177fe.jpg"
"1091","102","七彩虹210-GD3 CF黄金版 TC 1G K16","/Resource/2010/06/13/28c2c4ad-53cd-41e5-bfdb-a5068bfb24ad.jpg"
"1090","102","七彩虹210-GD2 CF黄金版 TC512M K25","/Resource/2010/06/08/f50b6e02-9677-41a9-a58a-e8f25ee4beb2.jpg"
"1063","102","七彩虹210-GD2 CF黄金版 TC512M M30","/Resource/2010/06/05/5c79c87d-a51f-4a5c-81fc-a6dfedf6bc5d.jpg"
"1092","102","七彩虹210-GD2 CF黄金版 TC512M N25","/Resource/2010/06/05/c68e8c71-bdeb-4838-ad0a-4a37a503ccc9.jpg"
"1087","102","七彩虹210-GD2 CF黄金版 TC 1G M30","/Resource/2010/05/10/49fbd89d-6a1b-4c1e-b438-14d938a15a52.jpg"
"1071","102","七彩虹210-GD3 CF黄金版 TC512M M14","/Resource/2010/05/07/7af5c898-5915-49a1-9ec2-bd8082eea615.jpg"
"1095","102","七彩虹210-GD2 CF黄金版 TC 1G M18","/Resource/2010/04/07/5aefb54e-fb42-45e2-8b37-c7c92d2c24aa.jpg"
"1051","102","七彩虹210-GD3 CF黄金版 TC512M M08","/Resource/2010/03/05/a18f8e99-4f05-4408-ab5a-54e5689f9004.jpg"
"1086","102","七彩虹210-GD2 CF黄金版 TC 1G A25","/Resource/2010/03/02/2319796d-e053-4aa9-b52a-4caaba7ae4ab.jpg"
"1039","102","七彩虹210-GD2 CF黄金版 TC 1G L25","/Resource/2010/02/04/85803ad3-6a22-4f43-8e43-244c78f848b5.jpg"
"1088","102","七彩虹210-GD3 CF黄金版 TC 1G N16","/Resource/2010/01/27/41045fa8-49e7-4c63-b83e-8bd8f4242080.jpg"
"1069","102","七彩虹210-GD3 CF黄金版 TC512M N10","/Resource/2009/12/11/66a07dd0-f2af-4644-a2ef-1814da28f8a1.jpg"
"1059","102","七彩虹210-GD3 CF黄金版 TC 1G M16","/Resource/2009/12/01/b9b79530-d444-4eeb-966e-226aa7bdaa70.jpg"
"1094","102","七彩虹210-GD3 CF黄金版 TC512M M10","/Resource/2009/11/26/705970c4-45f6-430a-8b9b-6a626219ebf2.jpg"
"1057","102","七彩虹210-GD2 CF黄金版 TC 1G M25","/Resource/2009/10/30/2873ffb5-f88e-477e-adab-28f7f0b72e8b.jpg"
"1050","102","七彩虹210-GD2 CF黄金版 TC512M M25","/Resource/2009/10/27/ca450aac-befe-4462-8eed-95abd2566872.jpg"
"1038","102","七彩虹210-GD2 CF黄金版 TC 1G M20","/Resource/2009/10/13/54f63508-9b10-42b4-9692-08ad8c9088a9.jpg"
"1065","102","七彩虹210-GD2 CF黄金版 TC512M C30","/Resource/2009/10/30/1cc105e3-90eb-4c3f-8d8e-14979ba0a720.jpg"
"1078","102","七彩虹210-GD2 CF黄金版 512M M20","/Resource/2009/10/13/74f07a8b-735f-4775-9af1-9e94a5caf281.jpg"
"889","102","iGame580-GD5 CH版 3072M R50","/Resource/2012/02/13/697a3d94-060c-4c4a-ba89-1b2ab1f78861middle_IMG_7598.jpg"
"890","102","iGame580-GD5 CH版 1536M Y50","/Resource/2011/05/26/c2bd267e-1b34-4039-bedf-e1cb3e29004fmiddle_iGame580-GD5 CH版 1536M Y50 正面（大）.jpg"
"888","102","iGame580-GD5 CH版 1536M Q50","/Resource/2010/11/11/26779ea5-372e-4cfe-966d-a82bfa099797middle_iGAME 580-GD5 CH版 1536M R50 正面(大).jpg"
"891","102","iGame580-GD5 CH版 1536M R50","/Resource/2010/11/10/a21ba2c7-5a16-4473-b847-285569e03ecemiddle_iGAME 580-GD5 CH版 1536M R50 正面(大).jpg"
"832","102","七彩虹570-GD5 CH版 1280M EA1","/Resource/2012/07/05/4bac59f5-5f06-48b7-948e-f2856535483fmiddle_IMG_9148.jpg"
"835","102","iGame570-GD5 CH版 1280M R50","/Resource/2012/03/26/9e6c5306-c914-46cd-b8cc-3361af0fe555middle_正面（大）.jpg"
"834","102","iGame570-GD5 CH版 1280M R40","/Resource/2010/12/29/aad78034-3753-4c96-99e3-61b3e49a40a4middle_igame570-GD5 CH版 1280M OC R40 正面（大）.jpg"
"833","102","iGame570-GD5 CH版 1280M OC R40","/Resource/2010/12/08/c4b900e4-6f77-4a39-b220-36ee90f07a76middle_igame570-GD5 CH版 1280M OC R40 正面（大）.jpg"
"817","102","Colorful GTX560Ti-1GD5 BA1","/Resource/2013/09/201309111604322100_main.JPG"
"826","102","iGame560Ti 烈焰战神X D5 1024M BA1","/Resource/2012/05/28/bb98e836-b129-45e0-b6b1-1c5e4c1fab21middle_IMG_8198.jpg"
"825","102","iGame GTX560Ti-1G DualBIOS BA1","/Resource/2012/05/15/0643c458-b48d-4b31-a50a-020205f3a5f9middle_IMG_7474.jpg"
"822","102","iGame560Ti 烈焰战神U D5 1024M BA1","/Resource/2012/05/07/be550c30-054c-47f0-a6a7-2fed0265556amiddle_IMG_7474.jpg"
"818","102","iGame GTX560Ti-1G 网神版2代(京东定制)","/Resource/2012/02/29/ea769826-53d0-44c7-bef6-f61df9292703middle_IMG_6068.jpg"
"821","102","iGame560Ti 烈焰战神U D5 2048M Q50","/Resource/2012/02/29/06c314da-b78b-40e2-98ff-697b9bdc61afmiddle_IMG_7474.jpg"
"824","102","iGame560Ti 烈焰战神X D5 1024M Q50","/Resource/2012/02/29/c15091d4-2de7-428c-b44f-e94a77d5236dmiddle_IMG_8198.jpg"
"823","102","iGame GTX560Ti-1G DualBIOS","/Resource/2012/02/28/fe17bcc1-4507-4ff8-9162-a2065d1e2897middle_IMG_7474.jpg"
"829","102","iGame GTX560Ti-2G DualBIOS(Ⅱ)","/Resource/2012/02/03/53bbe202-2328-4988-84a1-ca10d7b9f22bmiddle_IMG_7474.jpg"
"815","102","iGame560Ti 烈焰战神U D5 1024M Q50","/Resource/2012/02/01/5bc8a047-67d6-45f7-899f-b9d3d710c21cmiddle_iGAME560Ti 烈焰战神U D5 1024M Q50正面.jpg"
"827","102","iGame·九段 560Ti","/Resource/2011/12/02/9c8982dc-1da8-4d80-b4e9-9443118b7ac1middle_IMG_4086.jpg"
"816","102","N560-105-D01 iGame560Ti-1024M D5 Ymir-D","/Resource/2011/07/13/105c0138-89eb-47e4-ae4b-ed4c6337dedbmiddle_IMG_3098.jpg"
"819","102","iGame560Ti 烈焰战神U D5 2048M R50","/Resource/2011/06/13/9a2f6f3c-989b-45ba-8708-74c5034c4e73middle_iGame560Ti 烈焰战神U D5 2048M R50 正面（大）.jpg"
"820","102","iGame560Ti 烈焰战神U D5 1024M R50","/Resource/2011/05/09/fefcda03-6134-46f3-bd68-9d473318a689middle_iGame560 烈焰战神U D5 1024M Q50 正面（大）.jpg"
"828","102","iGame560Ti 烈焰战神X D5 1024M R50","/Resource/2011/01/26/6fa668fa-8f0d-44bb-a9b0-38999d08ca6dmiddle_iGame560Ti 烈焰战神X D5 1024M R50 正面（大）.jpg"
"584","102","iGame560 烈焰战神U-1GD5","/Resource/2013/02/201302251717359539_main.JPG"
"593","102","iGame GTX560-1G DualBIOS BA1","/Resource/2012/08/21/42369d55-e376-4cea-be1c-25631a4f4e05middle_IMG_7474.jpg"
"588","102","iGame GTX560-1G DualBIOS BB1","/Resource/2012/06/14/e70bf9db-1ed9-4a20-9441-71c0987c9594middle_iGame GTX560-1G DualBIOS BB1.jpg"
"595","102","iGame560 烈焰战神U D5 1024M BB1","/Resource/2012/05/28/e71b4c90-9b8f-4060-bc7e-72b7930e1a51middle_IMG_7474.jpg"
"594","102","iGame560 烈焰战神U D5 1024M BA1","/Resource/2012/05/17/13389c2d-92bf-49f1-a041-39a5f691aa56middle_iGame560 烈焰战神U D5 1024M BA1.jpg"
"585","102","iGame560 烈焰战神X D5 1024M Q50","/Resource/2012/02/28/75961965-2a42-41cd-9df9-fe9712da1678middle_IMG_8198.jpg"
"587","102","iGame?GTX560-2G?DualBIOS(Ⅱ)","/Resource/2012/02/28/4a91e9cc-c63a-43df-9913-519e4e34130dmiddle_IMG_7474.jpg"
"591","102","iGame560 烈焰战神U D5 2048M Q50","/Resource/2012/02/21/ef83448b-27bd-4d5a-bc06-d7dbe462d43amiddle_IMG_7474.jpg"
"596","102","iGame GTX560-1G DualBIOS","/Resource/2012/02/13/3e3328a0-d4af-4f1d-8934-8eb896aa5699middle_IMG_7474.jpg"
"590","102","iGame560 烈焰战神U D5 1024M Y50","/Resource/2012/02/01/d3ea2e10-bb37-4f05-a858-ea09eb599bf5middle_iGame 烈焰战神U D5 1024M Y50正面.jpg"
"592","102","Colorful GTX560-1G DualBIOS","/Resource/2011/08/26/75b7ceb0-f114-4205-a329-2ef7f89063f4middle_Colorful GTX560-1g dualBIOS J 正面.jpg"
"597","102","iGame560 烈焰战神U D5 2048M R50","/Resource/2011/06/13/5ac61500-c1a1-4098-adc5-98f0b334ca50middle_iGame560 烈焰战神U D5 2048M R50 正面（大）.jpg"
"586","102","七彩虹GTX560-1G 网神版(京东特供)","/Resource/2011/05/26/6ff5464d-9958-43ba-b1eb-937c4d3bcb47middle_七彩虹 GT560-1G 网神版（京东特供） H1 正面（大）.jpg"
"598","102","iGame560 烈焰战神X D5 1024M R50","/Resource/2011/05/26/b63f2a8b-4d39-4b54-81a2-b3837fb43e5cmiddle_iGame560 烈焰战神X D5 1024M R50 正面（大）.jpg"
"589","102","iGame560 烈焰战神U D5 1024M Q50","/Resource/2011/05/18/244b3f3c-d962-4671-9778-11b9aa444f53middle_iGame560 烈焰战神U D5 1024M Q50 正面（大）.jpg"
"809","102","七彩虹 560SE 白金版 D5 1024M","/Resource/2013/07/201307051233358155_main.JPG"
"812","102","七彩虹560SE 雷暴鲨 D5 1536M BA1","/Resource/2012/08/15/4ec5d01d-3582-4ec9-922e-1ad56c6def7emiddle_七彩虹560SE 雷暴鲨 D5 1536M BA1.jpg"
"813","102","七彩虹560SE 雷暴鲨 D5 1024M BB1","/Resource/2012/05/07/606634e7-158c-4b57-839d-edee57b87dfemiddle_IMG_5584.jpg"
"810","102","七彩虹560SE-1G 网神版(京东特供)","/Resource/2012/03/13/a9ec2b57-b359-4548-a162-a7887a03176cmiddle_IMG_9274.jpg"
"814","102","七彩虹560SE 雷暴鲨 D5 1024M BA1","/Resource/2012/03/07/1aadc5ae-1e81-4e1b-a560-0330027abbfamiddle_IMG_9039.jpg"
"811","102","iGame560SE 烈焰战神U D5 1024M BA1","/Resource/2012/03/05/ec8281ab-fd37-4bbd-b01a-8bcb5db8d324middle_IMG_7474.jpg"
"646","102","Colorful 550Ti-1024M D5","/Resource/2013/07/201307051419159771_main.JPG"
"647","102","七彩虹 550Ti 白金版 D5 1024M","/Resource/2013/07/201307051426587916_main.JPG"
"652","102","七彩虹550Ti 雷暴鲨 D5 1024M BC1","/Resource/2012/09/06/de5c10b5-ab16-4f98-9c70-a533797de283middle_IMG_0548.jpg"
"665","102","七彩虹550Ti 雷暴鲨 D5 1024M BB1","/Resource/2012/08/09/d83187c9-b9e3-413d-810b-c3990cde7688middle_IMG_0548.jpg"
"666","102","iGame550Ti 烈焰战神U D5 1024M BA1","/Resource/2012/06/06/9d03f23a-a310-4b16-a562-df0c51b856abmiddle_iGame550Ti 烈焰战神U D5 1024M BA1.jpg"
"649","102","七彩虹550Ti 雷暴鲨 D5 1024M BA1","/Resource/2012/04/25/7ea342b4-14d6-4938-a3f4-970f60cd37eemiddle_IMG_9274.jpg"
"651","102","iGame?GTX550Ti-2G?DualBIOS(Ⅱ)","/Resource/2012/02/13/77958f43-ed94-493b-8646-71e4df354e56middle_IMG_7474.jpg"
"656","102","iGame550Ti 烈焰战神U D5 2048M Q50","/Resource/2012/02/03/3d3ce724-84c2-44cf-8169-97c1b351e2ecmiddle_IMG_7474.jpg"
"660","102","iGame?GTX550Ti-1G?DualBIOS","/Resource/2012/01/10/4bfdf2e1-6cab-497a-b0bd-5aacead5bd7bmiddle_iGame GTX550Ti-1G Dua1 Bios C4-J正面.jpg"
"644","102","七彩虹550Ti 雷暴鲨 D5 1024M Q50","/Resource/2011/12/20/adf61293-268f-4c5f-b22d-25b31963e09dmiddle_IMG_4975.jpg"
"645","102","七彩虹550Ti 雷暴鲨 D5 768M M50","/Resource/2011/12/20/336de690-418b-44ad-ab95-793bbb716b7emiddle_IMG_4975.jpg"
"648","102","七彩虹550Ti 雷暴鲨 D5 768M Q50","/Resource/2011/12/20/bfc8acca-de62-4572-8dc4-e2c12cc33320middle_IMG_4975.jpg"
"657","102","iGame550Ti 烈焰战神U D5 1024M H50","/Resource/2011/12/13/a38d0402-a0d2-41a0-aa70-a6c20843ded4middle_IMG_4453.jpg"
"655","102","iGame550Ti 烈焰战神U D5 1024M Y50","/Resource/2011/12/01/05139fde-b2d8-4e95-a6c5-cd269ebe5770middle_iGame550Ti 烈焰战神U D5 1024M Y50 正面.jpg"
"654","102","七彩虹550Ti 雷暴鲨 D5 768M R50","/Resource/2011/10/18/ff15c922-5562-4603-864d-38c98887f4f0middle_七彩虹550Ti雷暴鲨 D5 768M R50 正面.jpg"
"663","102","iGame550Ti 烈焰战神U D5 1024M Q50","/Resource/2011/09/27/61c863d6-202e-433e-a6a9-54bded4af7c0middle_IGAME 550Ti 烈焰战神U D5 1024M Q50 正面.jpg"
"661","102","网驰GTX550Ti-GD5 768M","/Resource/2011/09/23/02b8e336-f188-4e3d-96fb-a2064ee8abccmiddle_网驰GTX550Ti-GD5 768M C5 正面.jpg"
"650","102","Colorful GTX550Ti-1G DualBIOS","/Resource/2011/07/15/a3114603-5650-4396-a1c4-1b83e67edad1middle_IMG_3098.jpg"
"662","102","七彩虹550Ti 雷暴鲨 D5 1024M R50","/Resource/2011/05/18/3572c500-13df-44d9-89d0-2d45bbfd4078middle_七彩虹550Ti 雷暴鲨 D5 1024M R50 正面（大）.jpg"
"664","102","网驰GTX550Ti-GD5 1024M","/Resource/2011/05/10/6461e947-4097-467f-82c4-665c48060d26middle_网驰GTX550Ti-GD5 1024M 正面（大）.jpg"
"653","102","iGame550Ti 烈焰战神U D5 1024M R50","/Resource/2011/04/09/89f0e6ab-0598-4fa6-ae2f-fdfaabb21201middle_igame550ti 烈焰战神U D5 1024M R50 正面（大）.jpg"
"658","102","iGame550Ti 烈焰战神U D5 2048M R50","/Resource/2011/04/02/3bd30d22-c303-4285-a143-50b21f93fca2middle_igame550Ti 烈焰战神U D5 2048M R50 正面（大）.jpg"
"659","102","iGame550Ti 烈焰战神X D5 1024M R50","/Resource/2011/03/16/11630b81-21b1-465a-a737-43cbe1ef67f3middle_igame550ti 烈焰战神X D5 1024M R50 正面（大）.jpg"
"876","102","七彩虹520 CF黄金版 D3 1024M LB2","/Resource/2012/07/05/450677f8-0a18-4527-8c97-b6c6612428e6middle_IMG_9188.jpg"
"885","102","七彩虹520 CF黄金版 D3 1024M LB1","/Resource/2012/07/05/41f5c6c3-6114-4c91-817f-9cbcb041a387middle_IMG_9188.jpg"
"878","102","七彩虹520 CF黄金版 D3 1024M LA1","/Resource/2012/06/06/ec0c4db7-1a84-4a6a-856d-eb54ab75f90bmiddle_七彩虹520 CF黄金版 D3 1024M LA1.jpg"
"886","102","七彩虹520 灵动鲨 D3 1024M MA6","/Resource/2012/05/07/b50dd756-4f31-445f-9dc9-afd5e86dc166middle_IMG_5532.jpg"
"879","102","七彩虹520 灵战鲨 D3 TC1024M MA1","/Resource/2012/04/25/e64c4ccb-e8c6-4811-96e3-9207efdbf23emiddle_IMG_1889.jpg"
"881","102","七彩虹520 灵动鲨 D3 1024M MA5","/Resource/2012/04/25/13788972-59e3-4254-b02b-0f8dde082725middle_IMG_1889.jpg"
"887","102","七彩虹520 灵动鲨 D3 TC1024M MA6","/Resource/2012/04/16/c50380cd-dbd8-4584-b261-537499a3bc4fmiddle_IMG_0945.jpg"
"870","102","七彩虹520 灵动鲨 D3 TC1024M MA3","/Resource/2012/04/06/fe0fba96-9a3d-478f-ba10-b0af5e982043middle_IMG_0023.jpg"
"874","102","七彩虹520 灵动鲨 D3 1024M MA2","/Resource/2012/03/16/4eadf9df-ed5d-4ff1-8e64-298eb7c1127fmiddle_七彩虹520 灵动鲨 D3 1024M N16 正面（大）.jpg"
"877","102","七彩虹520 灵动鲨 D3 1024M MA1","/Resource/2012/03/16/71e728f0-5d0f-44fe-87f2-5f6d3a1bc89fmiddle_七彩虹520 灵动鲨 D3 1024M N16 正面（大）.jpg"
"880","102","七彩虹520 灵战鲨 D3 TC1024M M16","/Resource/2011/10/31/9f76470e-ca39-44b7-aa1e-8ac197d0e27dmiddle_IMG_2952.jpg"
"873","102","七彩虹520 冰暴鲨 D3 2048M M16","/Resource/2011/09/14/2297d7a4-bc01-4b14-ada7-86c0a1736596middle_七彩虹520 冰暴鲨 D3 2048M M16 正面.jpg"
"872","102","七彩虹520 灵动鲨 D3 2048M M16","/Resource/2011/08/29/66148444-c5d3-47e1-837b-b9d00a4b99a1middle_七彩虹520 灵动鲨 D3 2048M M16 正面.jpg"
"882","102","七彩虹520 灵战鲨 D3 TC512M M16","/Resource/2011/08/29/e73a8bb2-20c9-416e-bd53-32ec5463e386middle_七彩虹 520 灵战鲨 D3 TC512M M16 正面.jpg"
"883","102","七彩虹520 灵动鲨 D3 TC1024M N16","/Resource/2011/07/19/b993f899-5487-44d6-bd20-fbc56b0b2c6fmiddle_七彩虹520 灵动鲨 D3 1024M N16 正面（大）.jpg"
"884","102","七彩虹520 灵动鲨 D3 TC1024M M16","/Resource/2011/07/19/93591bca-a500-4aa1-9744-e431472020bfmiddle_七彩虹520 灵动鲨 D3 1024M M16 C2 正面（大）.jpg"
"869","102","七彩虹520 灵动鲨 D3 1024M N16","/Resource/2011/07/01/9f9c5454-292d-48a0-bb71-9407b509e73bmiddle_七彩虹520 灵动鲨 D3 1024M N16 正面（大）.jpg"
"871","102","七彩虹520 冰暴鲨 D3 1024M M16","/Resource/2011/06/15/0ac93728-8f82-44be-be8d-a12b17472cdamiddle_七彩虹520 冰暴鲨 D3 1024M M16 正面（大）.jpg"
"875","102","七彩虹520 灵动鲨 D3 1024M M16","/Resource/2011/05/19/59af2947-1668-4671-8e24-148b7341b680middle_七彩虹520 灵动鲨 D3 1024M M16 C2 正面（大）.jpg"
"517","102","iGame480-GD5 CH版 1536M M40","/Resource/2010/04/12/1633706a-2aa4-4066-bf73-f85954fb13d1.jpg"
"1106","102","iGame470-GD5 CH版 1280M M40","/Resource/2010/04/09/c71fd0c2-27fa-46d0-b0d8-17f49460a5d2.jpg"
"836","102","iGame465-GD5 CH版 1024M R40","/Resource/2010/06/01/753dd327-0715-439e-b478-2202c10e0c56.jpg"
"837","102","iGame465-GD5 CH版 1024M R50","/Resource/2010/06/01/b6774d9d-9697-4177-866d-57d5a0b81801.jpg"
"940","102","七彩虹460 雷暴鲨 D5 1024M N40","/Resource/2010/12/25/61d07c64-2c63-43c2-b1a1-01f9e9653501middle_七彩虹460 雷暴鲨 D5 1024M N40 正面（大）.jpg"
"947","102","iGame460 纪念版 D5 2048M","/Resource/2010/11/19/5b4aa6c7-1920-4b04-bab4-dd8e78393448middle_IGAME 460 纪念版 2048M 侧面 正面（大）.jpg"
"936","102","七彩虹460 雷暴鲨 D5 1024M M40","/Resource/2010/10/26/7289a9b3-46eb-4d46-b732-7277b4cac72e.jpg"
"941","102","七彩虹460 雷暴鲨 D5 768M M40","/Resource/2010/10/25/4c53273b-15fe-469c-b819-5bbbda4a5f50.jpg"
"942","102","iGame460 烈焰战神X D5 1024M R40","/Resource/2010/09/17/12b32f3f-dc98-4580-8f98-cd5fb42dab67.jpg"
"943","102","七彩虹460 雷暴鲨 D5 1024M Q40","/Resource/2010/09/17/02f315f7-ab5f-4787-b353-6ca0993f0f1d.jpg"
"945","102","七彩虹460 雷暴鲨 D5 768M Q40","/Resource/2010/09/17/931a4121-3c2f-4cd7-abe8-f4c793889ba2.jpg"
"939","102","七彩虹460 雷暴鲨 D5 768M R40","/Resource/2010/09/14/e96e62d9-02fe-45d2-b338-6c914f0fc430.jpg"
"944","102","七彩虹460 雷暴鲨 D5 1024M R40","/Resource/2010/09/14/9762771e-08ec-46d1-b8b5-c0b030d906b4.jpg"
"946","102","iGame460-GD5 CH版 1024M R40","/Resource/2010/07/23/eac3637f-90a7-4e9e-a56c-e9f37694d35f.jpg"
"937","102","iGame460-GD5 CH版 768M Q40","/Resource/2010/07/21/b77fd0d9-f123-42f0-981e-8f97f90a9e2a.jpg"
"938","102","iGame460-GD5 CH版 768M R40","/Resource/2010/07/23/7ddabb3d-e42e-4fbe-b6e1-26dbd51025f6.jpg"
"10","102","七彩虹GTS450 灵动鲨-1GD5 BA1","/Resource/2012/12/201212261632131113_main.JPG"
"33","102","iGame450 烈焰战神U D5 1024M BA1","/Resource/2012/04/25/960e2870-a8c8-4f90-a56c-98f101a3065amiddle_IMG_1897.jpg"
"27","102","七彩虹450 灵动鲨 D3 1024M BA1","/Resource/2012/03/16/75b776e8-0d6c-4eba-b7df-141f635b3996middle_七彩虹450 灵动鲨D3 1024M M12 正面（大）.jpg"
"17","102","Colorful GTS450 D5 1GB LP","/Resource/2012/03/14/5523eb0d-47e7-49a5-a778-6b7b02078ccamiddle_IMG_7456.jpg"
"40","102","iGame450 烈焰战神U D5 1024M E40","/Resource/2011/12/13/06624c36-deba-4d3c-84d1-401cb0527dacmiddle_IMG_4445.jpg"
"11","102","七彩虹450 灵动鲨 D3 1024M M16","/Resource/2011/10/31/1746cf42-936a-4068-84c7-cac020fc98bamiddle_IMG_2943.jpg"
"21","102","七彩虹450 灵动鲨 D5 1024M N40","/Resource/2011/10/13/9385d33e-c68b-440a-8b77-b423a5c8957fmiddle_七彩虹450 灵动鲨 D5 1024M N40 正面.jpg"
"25","102","七彩虹450 灵动鲨 D5 512M F40","/uploads/image/2018/05/20180502134606617212.jpg"
"28","102","七彩虹450 雷暴鲨 D5 1024M E40","/Resource/2011/10/13/ed86bdd4-0141-4e52-a751-22f4316e9a9bmiddle_七彩虹450 雷暴鲨 D5 1024M E40 正面.jpg"
"30","102","七彩虹450 灵动鲨 D3 2048M M16","/Resource/2011/09/14/acab90a2-1378-4997-9ba2-384d42b8b9f7middle_七彩虹450 灵动鲨 D3 2048M M16 正面.jpg"
"34","102","七彩虹450 灵动鲨 D3 1024M M12","/Resource/2011/06/01/7ecb1785-7c3c-47a4-bacd-cb1187259337middle_七彩虹450 灵动鲨D3 1024M M12 正面（大）.jpg"
"31","102","七彩虹450 雷暴鲨 D5 1024M H40","/Resource/2011/03/17/475fc0b1-53fe-4b10-b90d-d4464db8d4eemiddle_七彩虹450 雷暴鲨 D5 1024M H40 正面（大）.jpg"
"37","102","七彩虹450 雷暴鲨 D5 1024M Z40","/Resource/2011/03/03/6b5619a7-a34e-4283-a944-339c4d330d5bmiddle_七彩虹450 雷暴鲨 D5 1024M Z40 正面（大）.jpg"
"18","102","网驰GTS450-GD5 1024M","/Resource/2010/12/31/9d4cc4a2-d99e-4e22-9b16-552881654cb6middle_网驰GTS450-GD5 1024M C4 正面（大）.jpg"
"26","102","iGame450 冰封骑士Slim D5 1024M R40","/Resource/2010/12/31/069366c2-84fc-44be-a696-c4420ca7f379middle_iGame450 冰封骑士Slim D5 1024M R40 正面（大）.jpg"
"41","102","iGame450 烈焰战神U D5 1024M H40","/Resource/2010/12/28/a2fed6fd-96b4-4942-a88f-26f8f2821d8bmiddle_iGame450 烈焰战神U D5 1024M H40 正面（大）.jpg"
"42","102","七彩虹450 灵动鲨 D5 512M R40","/Resource/2010/12/24/7aaaa386-a78a-4fca-82fb-509dfb8169f9middle_七彩虹450 灵动鲨 D5 512M R40 正面（大）.jpg"
"39","102","七彩虹450 灵动鲨 D5 1024M H40","/Resource/2010/12/23/46697f63-88fa-4e72-86ab-19d714ebe48fmiddle_七彩虹450 灵动鲨 D5 1024M H40 正面（大）.jpg"
"22","102","iGame450 烈焰战神U D5 1024M Q40","/Resource/2010/12/22/053f91d7-b509-49de-9686-9dc57f138a0cmiddle_iGame450 烈焰战神U D5 1024M Q40 正面（大）.jpg"
"7","102","iGame450 烈焰战神U D5 1024M Y40","/Resource/2010/12/22/23257743-4bce-4957-b97d-411b0a97b5b2middle_iGame450 烈焰战神U D5 1024M Y40 正面（大）.jpg"
"16","102","七彩虹450 雷暴鲨 D5 1024M Y40","/Resource/2010/12/21/f98f3cf8-a6c2-4a7a-bc3d-561a2b4c7a0dmiddle_七彩虹450 雷暴鲨 D5 1024M Y40 正面（大）.jpg"
"24","102","七彩虹450 灵动鲨 D5 1024M Y40","/Resource/2010/12/21/5423723b-9d7c-49e5-80c6-e4aef53d0e61middle_七彩虹450 灵动鲨 D5 1024M Y40 正面（大）.jpg"
"9","102","七彩虹450 灵动鲨 D5 1024M M40","/Resource/2010/12/08/59a42af5-2d31-4d8c-b67e-f6596a002937middle_七彩虹 450 灵动鲨 D5 1024M M40 正面（大）.jpg"
"15","102","七彩虹450 雷暴鲨 D5 512M Q40","/Resource/2010/12/02/a5782d76-8f20-4f58-be1c-db4674b13261middle_七彩虹 450 雷暴鲨 D5 512M Q40 正面（大）.jpg"
"12","102","iGame450 烈焰战神U D5 1024M R40","/Resource/2010/11/29/89a0212d-1d58-48ab-bc7b-d1ea84f50a16middle_GAME450 烈火战神U D5 1024M R40 正面（大）.jpg"
"14","102","七彩虹450 灵动鲨 D5 512M K40","/Resource/2010/11/26/649db6a4-efb5-42f8-a5a8-6f945542f803middle_七彩虹 450 灵动鲨 D5 512M K40 正面（大）.jpg"
"38","102","七彩虹450 灵动鲨 D5 1024M Q40","/Resource/2010/11/18/67d5f310-1a73-4f77-b333-c7271b21b9f4middle_七彩虹 450 灵动鲨 D5 1024M Q40正面（大）.jpg"
"13","102","网驰GTS450-GD5 512M","/Resource/2010/11/13/917ce0fd-6a6a-45a0-85c9-0507d3516b5amiddle_网驰 GTS450-GD5 512M 正面（大）.jpg"
"32","102","七彩虹450 灵动鲨 D5 512M N40","/Resource/2010/11/12/956a9fff-8623-4483-bd06-398cf84e84femiddle_七彩虹 450 灵动鲨 D5 512M N40 正面（大）.jpg"
"20","102","七彩虹450 灵动鲨 D5 512M M40","/Resource/2010/11/11/a0921a27-dfdc-42d3-9e4c-faf6d541d96cmiddle_七彩虹 450 灵动鲨 D5 512M M40 正面（大）.jpg"
"23","102","iGame450 烈焰战神X D5 1024M R40","/Resource/2010/11/11/66b1bc6c-ba77-42ff-9828-e79bbc52110amiddle_iGame450 烈焰战神X D5 1024M R40（正面）大.jpg"
"8","102","iGame450 烈焰战神X D5 1024M Q40","/Resource/2010/11/11/1b7f6495-90e0-421b-9517-0ce84e59bb4cmiddle_iGame450 烈焰战神X D5 1024M R40（正面）大.jpg"
"29","102","七彩虹450 雷暴鲨 D5 1024M Q40","/Resource/2010/11/02/53e79691-6e74-4f01-ba8a-9a70b9ce48d0.jpg"
"36","102","七彩虹450 灵动鲨 D5 1024M R40","/Resource/2010/10/26/3b52cea9-bf45-4d05-8c57-f8bde77ed176.jpg"
"19","102","iGame450 定制版 D51G","/Resource/2010/09/16/f91fab04-2fa1-48fa-a861-607b40ca2f72.jpg"
"35","102","七彩虹450 雷暴鲨 D5 1024M R40","/Resource/2010/10/22/03830000-bc73-4502-be58-f125cb5c9342.jpg"
"953","102","七彩虹440 雷暴鲨 D5 512M MA1","/Resource/2012/08/01/0b5b40b1-e0f5-4d84-b56b-379de696c410middle_IMG_8738.jpg"
"958","102","网驰GT440-GD5 512M MA1","/Resource/2012/08/01/06a08e77-f75a-46c2-a8fd-57a6f0a2138fmiddle_IMG_9130.jpg"
"959","102","七彩虹440 灵动鲨 D3 1024M MA1","/Resource/2012/05/07/897f2961-29db-4b04-9250-bea5a7fe78ddmiddle_IMG_5591.jpg"
"957","102","七彩虹440 灵动鲨 D3 2048M MA1","/Resource/2012/04/06/adb51e2c-01d0-447a-a03e-3020b03dbd13middle_IMG_0014.jpg"
"964","102","网驰GT440-GD5 1024M MA1","/Resource/2012/03/22/d6b3394c-df1a-4e8d-a261-d05edbe49990middle_网驰 GT440-GD5 1024M MA1正面（大）.jpg"
"966","102","iGame440 烈焰战神U D5 512M H40","/Resource/2012/02/23/a8f0f3ed-a1f4-4806-9ac3-b4e5a78cc561middle_IMG_7970.jpg"
"965","102","iGame440 烈焰战神U D5 1024M H40","/Resource/2012/02/01/ae087cbe-ca92-4ed8-94cc-d3f868516df0middle_IMG_7388.jpg"
"952","102","iGame440 烈焰战神U D5 1024M Y40","/Resource/2011/12/19/a88fcad7-44e3-4de5-a394-cde2c02f6123middle_IMG_4991.jpg"
"968","102","iGame440 烈焰战神U D5 512M Q40","/Resource/2011/10/10/e0a7b5c9-d4cd-4ee7-b9aa-e85f44a1370bmiddle_iGame440 烈焰战神U D5 512M Q40 正面.jpg"
"963","102","七彩虹440 灵动鲨 D3 1024M M16","/Resource/2011/09/15/4551af62-9a74-4de0-859a-e30a64445d9emiddle_七彩虹440 灵动鲨 D3 1024M M16 正面.jpg"
"951","102","七彩虹440 灵动鲨 D3 2048M M16","/Resource/2011/09/14/11af3483-501c-4410-a45e-dd51fe4ddc75middle_七彩虹440 灵动鲨 D3 2048M M16 正面 .jpg"
"956","102","iGame440 烈焰战神U D5 1024M Q40","/Resource/2011/08/21/8437ac9b-0d21-4fdd-804e-2024506a3024middle_iGame440 烈焰战神U D5 1024M Q40 正面.jpg"
"967","102","网驰GT440-GD5 1024M","/Resource/2011/03/29/7155deef-d740-4979-8f37-8cd52b2a05a8middle_网驰GT440-GD5 1024M 正面（大）.jpg"
"962","102","网驰GT440-GD5 512M","/Resource/2011/03/25/69630a23-31a9-4584-bd61-43cc0f746ee9middle_网驰GT440-GD5 512M C1 正面（大）.jpg"
"960","102","七彩虹440 雷暴鲨 D5 512M M40","/Resource/2011/02/26/5eb38eec-b01c-471a-b4f2-a419a55ef6efmiddle_七彩虹440 雷暴鲨 D5 512M M40 正面（大）.jpg"
"954","102","七彩虹440 雷暴鲨 D5 1024M M50","/Resource/2011/02/15/9226a216-b218-48fa-bfbd-dec15275704fmiddle_七彩虹440 雷暴鲨 D5 1024M M50 正面（大）.jpg"
"955","102","iGame440 冰封骑士Slim D5 1024M R50","/Resource/2011/02/11/30444c32-b315-4d16-9d51-a3ad284bbd1dmiddle_iGAME440 冰封骑士Slim D5 1024M R50 正面（大）.jpg"
"961","102","iGame440 烈焰战神U D5 1024M R40","/Resource/2011/02/11/d014df78-baee-4c37-a1f4-a13f4a51a1eamiddle_iGame440 烈焰战神U D5 1024M R40 正面（大）.jpg"
"980","102","七彩虹430 黄金版 D3 1024M EA1","/Resource/2012/07/05/ff2f9190-5470-4f7b-a4b3-abbc97938fb5middle_IMG_9219.jpg"
"991","102","七彩虹430 黄金版 D3 1024M LA1","/Resource/2012/06/15/4802b58f-c718-4e85-a248-7766614b6fb1middle_七彩虹430 黄金版 D3 1024M LA1.jpg"
"996","102","七彩虹 430 灵战鲨 D3 1024M MA4","/uploads/image/2018/05/20180502134050249428.jpg"
"981","102","七彩虹430 灵战鲨 D3 1024M MA3","/uploads/image/2018/05/20180502134351303261.jpg"
"988","102","七彩虹430 灵动鲨 D3 1024M MA2","/uploads/image/2018/05/20180502134140886142.jpg"
"999","102","七彩虹430 灵战鲨 D3 TC1024M MA2","/Resource/2012/04/16/b0512ef2-e45e-4685-9ce9-902ad51615d4middle_IMG_0966.jpg"
"993","102","七彩虹430 灵战鲨 D3 TC1024M MA1","/Resource/2012/04/01/2f1a9fa5-12cc-4816-8d50-a5299af45e6emiddle_IMG_0010.jpg"
"979","102","七彩虹430 灵战鲨 D3 1024M MA1","/Resource/2012/03/26/dcbdd9b3-55bb-467f-bb2e-f125ecf5a858middle_IMG_9921.jpg"
"1000","102","七彩虹430 灵战鲨 D3 1024M MA2","/Resource/2012/03/26/8158204f-4da5-43c8-8cbe-6b98226a4876middle_IMG_9928.jpg"
"977","102","七彩虹430 灵动鲨 D3 1024M MA1","/Resource/2012/03/19/057b0d08-ecfc-4fc6-87d7-9b0c91da422fmiddle_IMG_8791.jpg"
"992","102","七彩虹430 灵动鲨 D5 TC1024M M40","/Resource/2011/11/14/e1c23956-5bca-4467-8138-03045f166079middle_七彩虹 430 灵动鲨 D5 TC1024M M40 正面.jpg"
"982","102","七彩虹430 灵战鲨 D5 TC1024M M40","/Resource/2011/08/26/7314e25b-fc72-41f2-a434-1483ebdcd485middle_七彩虹430 灵战鲨 D5 TC1024M M40 正面.jpg"
"1001","102","网驰GT430-GD5 1024M","/Resource/2011/07/13/c9765c59-7b79-42d9-8f0f-7d1692e6b9f2middle_IMG_3083.jpg"
"998","102","网驰GT430-GD5 512M","/Resource/2011/04/20/4d7cf72a-c289-467a-bd31-2804b4faa07cmiddle_网驰GT430-GD5 512M C16 正面（大）.jpg"
"990","102","七彩虹430 灵动鲨 D5 512M M40","/Resource/2011/04/09/dcdd6304-e066-4dcf-9514-39349e15ba53middle_七彩虹430 灵动鲨 D5 512M M40 正面（大）.jpg"
"985","102","七彩虹430 灵战鲨 D3 TC1024M N16","/Resource/2011/03/22/95b50979-1e6a-4ecd-a7d6-c6dfc53c5f5dmiddle_七彩虹430 灵战鲨 D3 TC1024M N16 108M4-A10 正面（大）.jpg"
"994","102","七彩虹430 灵战鲨 D3 TC1024M M16","/Resource/2011/03/17/6e2746ce-5b96-430e-a880-5fcf7c6835ddmiddle_七彩虹430 灵战鲨 D3 TC1024M M16 正面（大）.jpg"
"983","102","七彩虹430 灵动鲨 D3 2048M M16","/Resource/2011/03/11/8e77ec1e-9b20-4f02-8495-049db31c92a7middle_七彩虹430 灵动鲨 D3 2048M M16 正面（大）.jpg"
"978","102","七彩虹430 灵动鲨 D3 1024M M16","/Resource/2011/03/08/ad6a332b-0a5d-46c9-a3d7-7889ab726bf3middle_七彩虹430 灵动鲨 D3 1024M M16 正面（大）.jpg"
"997","102","七彩虹430 灵战鲨 D3 1024M M16","/uploads/image/2018/05/20180502134007146470.jpg"
"986","102","七彩虹430 灵战鲨 D3 TC1024M N12","/Resource/2011/02/13/1e0a0121-829a-4db5-a946-88ad2d720257middle_七彩虹430 灵动鲨 D3 TC1024M N12 正面（大）.jpg"
"995","102","七彩虹430 灵动鲨 D3 1024M K12","/Resource/2011/01/20/6ce18827-53ba-4c5b-9e64-2af491725080middle_七彩虹430 灵动鲨 D3 1024M K12 正面（大）.jpg"
"984","102","七彩虹430 灵战鲨 D3 TC1024M M12","/Resource/2010/11/26/27ea0c4a-7aaf-479b-baf7-7ee17ea3332amiddle_七彩虹 430 灵战鲨 D3 TC1024M M12 正面（大）.jpg"
"987","102","七彩虹430 灵动鲨 D3 1024M N12","/Resource/2010/10/12/d317352f-89d2-44d2-b3a3-f00cd0702ae0.jpg"
"989","102","七彩虹430 灵动鲨 D3 1024M M12","/Resource/2010/10/12/35eb9c48-4c07-4892-b556-520a332536f7.jpg"
"802","102","iGame295-GD3 CH版 1792M G08","/Resource/2009/08/03/a79a1801-7c51-413c-862e-ba2b3a3c40b5.jpg"
"801","102","iGame295-GD3 CH版 1792M R08","/Resource/2009/01/09/ebba32c0-43c5-437e-a651-24b13e3c81fb.jpg"
"1169","102","iGame285-GD3 CH版 1G D08","/Resource/2009/02/06/c58b5a06-1b48-49c6-80a7-abf4656b8cb0.jpg"
"1037","102","IGAME280-GD3 CH版 1G D08","/Resource/2008/06/23/aa8170de-60c2-49af-b8cc-e581f424a9b3.jpg"
"792","102","iGame275-GD3 UP烈焰战神 896M R07","/Resource/2009/06/26/7a38c8ce-618c-4186-83f8-bb0b43227872.jpg"
"791","102","逸彩275-GD3 冰封骑士3F 896M D08","/Resource/2009/04/22/4594b81d-7ba9-477e-acac-2eee5f25b28f.jpg"
"1293","102","逸彩260+ GD3 冰封骑士3F 896M D10","/Resource/2009/03/28/6e7c2b3b-2f0a-48e6-95db-589981c79d27.jpg"
"1292","102","iGame260+ GD3 UP烈焰战神 896M R08","/Resource/2009/06/26/bcfd6169-38a6-44dc-8847-ce73f6c0bd4e.jpg"
"1294","102","IGAME260-GD3 CH版 896M D08","/Resource/2008/07/01/d3336ba5-50d3-4548-85aa-9967f38f49a5.jpg"
"1308","102","逸彩250-GD3 CF黄金版 1G M10","/Resource/2010/11/01/984d046d-e907-4761-a39e-9272f857d0db.jpg"
"1301","102","逸彩250-GD2 CF黄金版 1G M25 H","/Resource/2010/08/17/47b8474d-3441-4be0-94b9-993bfb1d4073.jpg"
"356","102","七彩虹GT240-GD3 CF黄金版 TC512M M10 H","/Resource/2010/04/28/f86459ef-9d11-45b0-ae08-4ac3591ee984.jpg"
"1302","102","iGame250-GD3 冰封骑士5F 1G Q08","/Resource/2010/01/21/2b5bf9b8-80d5-4015-8dcf-0b7d113adca2.jpg"
"1303","102","iGame250-GD3 冰封骑士5F 512M Q08","/Resource/2010/01/21/b9f2941c-1dd4-4eac-8b37-ecbe338c9b26.jpg"
"1305","102","逸彩250-GD3 CF黄金版 512M M08 H","/Resource/2010/01/27/a170b758-7805-4115-bce0-0d0ddf3ce88d.jpg"
"1312","102","网驰GTS250-GD3 1G","/Resource/2009/12/25/afafb87d-b890-4b30-8108-9ff190b20e39.jpg"
"1310","102","逸彩250-GD3 CF黄金版 1G M10 H","/Resource/2009/12/17/d4652d57-89fd-4713-b9f0-e9e437391a9a.jpg"
"1307","102","逸彩250-GD3 冰封骑士3F 512M F10 H","/Resource/2009/12/16/4cd5f138-10d9-4dc8-ac2d-52427379d860.jpg"
"1296","102","网驰GTS250-GD3 512M","/Resource/2009/12/11/7ef13c43-8ac4-4988-b5e2-f26584d6a69b.jpg"
"1295","102","逸彩250-GD3 CF黄金版 512M M10 H","/Resource/2009/12/02/d7a8931e-e3d9-40ba-8b4e-6852474db97c.jpg"
"1297","102","逸彩250-GD3 冰封骑士3F 1G M10","/Resource/2009/10/28/eeaa65f5-6c0c-4911-87ab-bff91b2d6416.jpg"
"1299","102","逸彩250-GD3 冰封骑士3F 512M T10","/Resource/2009/09/01/ff64ac77-af69-415e-9d3c-aba211d99007.jpg"
"1311","102","逸彩250-GD3 冰封骑士3F 1G T08","/Resource/2009/09/01/4e4ebd46-4142-405c-b131-b35c59b826b6.jpg"
"1309","102","逸彩250-GD3 冰封骑士3F 1G N08","/Resource/2009/08/03/f24d0140-c339-4538-998f-aca720a005b7.jpg"
"1314","102","逸彩250-GD3 冰封骑士3F 512M M10","/Resource/2009/07/17/2c9a16a7-b6f4-46b1-8f15-8c5d86c4ca09.jpg"
"1306","102","逸彩250-GD3 冰封骑士3F 1G M08","/Resource/2009/06/24/3e3240a6-b45a-459b-9ab8-88b58d19b0b9.jpg"
"1313","102","逸彩250-GD3 冰封骑士3F 512M N10","/Resource/2009/11/05/dfebd9d9-ac92-4afe-9b87-b7333dcb7e20.jpg"
"1304","102","iGame250-GD3 冰封骑士5F 1G R08","/Resource/2009/03/31/cb9b25d8-c63b-4ef8-b514-b39c38a9438a.jpg"
"1298","102","逸彩250-GD3 冰封骑士3F 512M M08","/Resource/2009/02/27/683291ba-2cbf-4771-b3ed-8b7aaf2e1787.jpg"
"1300","102","IGAME250-GD3 冰封骑士5F 512M R08","/Resource/2009/02/27/36814b0d-f3ec-48a1-a38c-1810398dcc83.jpg"
"1004","102","逸彩250LE-GD3 CF黄金版 1024M M10","/Resource/2011/04/01/d34c4673-ef84-4e3b-ace6-8285d99c829bmiddle_逸彩250LE-GD3 CF 黄金版 1024M M10 正面（大）.jpg"
"1002","102","网驰250LE-GD3 512M","/Resource/2010/11/25/e7528314-04de-41e0-bef6-b792c596db60middle_网驰 250LE-GD3 512M C3 正面（大）.jpg"
"1003","102","逸彩250LE-GD2 CF黄金版 TC1024M N25","/Resource/2010/11/24/19cced46-a0d8-43d7-bda0-45c725ece2c7middle_逸彩 250LE-GD2 CF黄金版 TC1024M N25 正面（大）.jpg"
"1005","102","逸彩250LE-GD3 CF黄金版 512M M10","/Resource/2010/11/24/4c9961a0-f561-4ecc-800f-252049dced3emiddle_逸彩 250LE-GD3 CF 黄金版 512M M10 正面（大）.jpg"
"353","102","七彩虹GT240-GD5 CF黄金版 512M K40","/Resource/2010/12/28/9ecbdd1a-f065-46f8-85c1-6428fe3b8a7cmiddle_七彩虹GT240-GD5 CF黄金版 512M K40 正面（大）.jpg"
"343","102","七彩虹GT240-GD5 CF黄金版 512M N40","/Resource/2010/12/24/02ea1d5e-ad81-49cd-a797-36aa34799bb7middle_七彩虹GT240-GD5 CF 黄金版 512M N40 正面（大）.jpg"
"359","102","七彩虹GT240-GD3 CF黄金版 1024M M16","/uploads/image/2018/05/20180502133500902764.jpg"
"346","102","七彩虹GT240-GD3 CF黄金版 TC512M M10","/Resource/2010/11/29/62e124f2-65af-44e8-9700-eb45c4134004middle_七彩虹 GT240-GD3 CF 黄金版 TC512M M10 正面（大）.jpg"
"341","102","七彩虹GT240-GD3 CV黄金版 TC512M M10","/uploads/image/2018/05/20180502133806526418.jpg"
"357","102","七彩虹GT240-GD5 CF黄金版 512M M50","/Resource/2010/11/25/f1010e0e-098f-48bd-be0f-eae2471390e0middle_七彩虹 GT240-GD5 CF 黄金版 512M M50 黑色 正面（大）.jpg"
"355","102","七彩虹GT240-GD2 CF黄金版 1024M M30","/Resource/2010/11/09/041348c0-697e-4f0f-b846-1baa2609b1aemiddle_七彩虹 GT240-GD2 CF 黄金版 1024M M30正面（大）.jpg"
"350","102","七彩虹GT240-GD5 CF白金版 512M M50","/Resource/2010/11/25/3db6a825-0bde-4aa9-bda7-c889f7e15f1emiddle_七彩虹 GT240-GD5 CF 白金版 512M M50 正面（大）.jpg"
"360","102","七彩虹GT240-GD3 CF白金版 512M M10","/uploads/image/2018/05/20180502133619947683.jpg"
"338","102","七彩虹GT240-GD2 CF黄金版 1G M25","/uploads/image/2018/05/20180502133854621476.jpg"
"339","102","七彩虹GT240-GD3 CV黄金版 TC512M M08","/Resource/2010/11/01/7f07b422-15dc-43e8-bb00-4b66ebaac986.jpg"
"332","102","七彩虹GT240-GD3 CF黄金版 1G K12","/Resource/2010/09/29/7f862ce3-fb84-4e07-9287-4f144793de83.jpg"
"354","102","七彩虹GT240-GD2 CF黄金版 512M M25","/Resource/2010/09/20/b937c4dd-8b99-4651-95b0-1283e25443d7.jpg"
"336","102","七彩虹GT240-GD2 CF黄金版 512M M25 H","/Resource/2010/08/20/c0984deb-3c5b-42d5-8980-26bac80eac19.jpg"
"349","102","七彩虹GT240-GD2 CF黄金版 1G M25 H","/Resource/2010/08/20/ac3135e8-1e57-48a6-966c-dbbaa8c59bdb.jpg"
"358","102","七彩虹GT240-GD5 CF黄金版 512M M40 H","/Resource/2010/08/04/efdbba06-ce48-4794-b57b-ed4b57cb9e7b.jpg"
"351","102","七彩虹GT240-GD5 CF黄金版 512M M50 H","/Resource/2010/07/14/94b0e48a-b62c-42a3-bd24-aa5a5b704a64.jpg"
"340","102","七彩虹GT240-GD3 CV黄金版 TC512M M10 H","/Resource/2010/07/07/b39ca1c0-1099-4db1-82fb-1567184a7875.jpg"
"352","102","七彩虹GT240-GD3 CF黄金版 1G K12 H","/Resource/2010/06/23/9e6ddb79-9a0a-410b-b0d6-2165f5d0d32e.jpg"
"334","102","七彩虹GT240-GD3 CF黄金版 1G R12 H","/Resource/2010/05/26/cb4e4422-ff2f-46e0-825f-8a5e49baa33d.jpg"
"363","102","七彩虹GT240-GD3 CF黄金版 512M N12 H","/Resource/2010/05/26/f91950ba-5f16-4888-acb6-e46ef7a4a28b.jpg"
"361","102","七彩虹GT240-GD3 CF黄金版 1G M20 H","/Resource/2010/04/28/80aa0d0b-4a22-4ac1-af81-89bdb4d2ea43.jpg"
"347","102","七彩虹GT240-GD3 CF黄金版 1G M10 H","/Resource/2010/03/05/0c65a50f-52d5-438b-97ed-721197a12b50.jpg"
"337","102","七彩虹GT240-GD3 CF黄金版 TC512M M08 H","/Resource/2010/01/09/079c3592-3d04-4bc6-9b1e-3e242b73314b.jpg"
"364","102","七彩虹GT240-GD3 CF黄金版 1G M12 H","/Resource/2009/12/14/7b2a40ba-31d0-4ca6-bf41-09d3a35cdd9c.jpg"
"333","102","网驰GT240-GD5 512M","/Resource/2009/12/02/ee885b56-b0ca-49ef-a14a-dac9e151f51a.jpg"
"344","102","七彩虹GT240-GD5 CF黄金版 TC512M N40 H","/Resource/2009/12/01/cb2ee0cf-9f84-47ad-8532-2d930cf6b7cc.jpg"
"335","102","七彩虹GT240-GD3 CF白金版 512M M10 H","/Resource/2009/11/18/9e98e076-03e7-4575-bafc-caf9fa985e97.jpg"
"342","102","七彩虹GT240-GD5 CF黄金版 TC512M M40 H","/Resource/2009/11/18/c7ed197a-8473-436c-af2c-15c8305dab00.jpg"
"345","102","七彩虹GT240-GD3 CF黄金版 1G N12 H","/Resource/2009/11/18/6b887b57-4667-4323-828a-7623d7b647c1.jpg"
"348","102","七彩虹GT240-GD5 CF白金版 512M M50 H","/Resource/2010/11/02/a7ed13e8-55c6-499d-a945-f5f9ea1ec683.jpg"
"362","102","七彩虹GT240-GD3 CF黄金版 512M M12 H","/Resource/2009/11/18/f6ffa08a-028a-4780-8eac-4e7c9a9d4d20.jpg"
"908","102","七彩虹GT220-GD3 CV黄金版 TC1024M K10","/Resource/2011/01/14/1a9de251-27e2-45c1-8b16-ce7fc7d5241emiddle_七彩虹GT220-GD3 CV黄金版 TC1024M K10 正面（大）.jpg"
"907","102","七彩虹GT220-GD3 CF黄金版 TC1024M M10","/Resource/2010/12/09/4de381bb-554f-44eb-bfb9-549ec92a08b2middle_七彩虹GT220-GD3 CF黄金版 TC1024M M10 正面（大）.jpg"
"913","102","七彩虹GT220-GD3 CV黄金版 TC1024M M16","/uploads/image/2018/05/20180502133344477742.jpg"
"923","102","七彩虹GT220-GD3 CF黄金版 1024M N16","/Resource/2011/03/22/a67f8cf2-3092-4361-9b5d-7da5498de6c2middle_七彩虹GT220-GD3 CF 黄金版 1024M N16 正面（大）.jpg"
"917","102","七彩虹GT220-GD3 CF白金版 TC1G M10","/Resource/2010/11/24/17e37a44-27fe-400a-b2e3-3948401570e1middle_七彩虹GT220-GD3 CF白金版 TC1G N10 正面（大）.jpg"
"928","102","七彩虹GT220-GD2 CF黄金版 1024M N25","/Resource/2010/11/19/45a3a6e2-4c15-44af-88a9-49cb60ebf545middle_七彩虹 GT220-GD2 CT 黄金版 1024M N25 正面（大）.jpg"
"935","102","七彩虹GT220-GD2 CF黄金版 1024M M30","/uploads/image/2018/05/20180502121317392681.jpg"
"933","102","七彩虹GT220-GD3 CV黄金版 TC512M K08","/uploads/image/2018/05/20180502121230873484.jpg"
"924","102","七彩虹GT220-GD3 CV黄金版 TC512M N08","/Resource/2010/11/19/830a523f-e2f4-4384-bb1d-22ab24a75d28middle_七彩虹 GT220-GD3 CV 黄金版 TC512M N08 正面（大）.jpg"
"929","102","七彩虹GT220-GD2 CV黄金版 TC1024M N25","/Resource/2010/10/26/7a05fdd1-36c5-48de-9809-6f0bca29e05f.jpg"
"918","102","七彩虹GT220-GD2 CF黄金版 TC1024M C25","/Resource/2010/09/17/8edcaa50-c463-4866-8747-ba840ba8360e.jpg"
"931","102","七彩虹GT220-GD3 CF白金版 TC1G N10","/Resource/2010/08/30/917f5508-d77f-49b3-ab20-984dc1e016d2.jpg"
"930","102","七彩虹GT220-GD2 CV黄金版 TC1G M25","/Resource/2010/08/25/a1bae467-224d-4572-a863-9f4382099dd8.jpg"
"909","102","七彩虹GT220-GD3 CV黄金版 TC512M N10","/Resource/2010/08/19/51843b21-80ce-47a3-bb56-0ba7c7b895cd.jpg"
"934","102","七彩虹GT220-GD2 CF黄金版 1G M18","/Resource/2010/06/23/230facc8-4ddb-40d2-b43e-9295ce43c4ff.jpg"
"926","102","七彩虹GT220-GD2 CF黄金版 TC 1G T25","/uploads/image/2018/05/20180502121437748652.jpg"
"906","102","七彩虹GT220-GD2 CF黄金版 TC 1G M30","/Resource/2010/11/18/c880080a-7f2d-4fcd-b5e5-8844db46caedmiddle_七彩虹 GT220-GD2 CF 黄金版 1024M M30 正面（大）.jpg"
"922","102","七彩虹GT220-GD3 CV黄金版 TC512M M10","/Resource/2010/11/22/b9acb325-18bf-4ab7-8a81-bd5ee1309147middle_七彩虹GT220-GD3 CV黄金版 TC512M M08 2009-12-15.jpg"
"911","102","七彩虹GT220-GD3 CF黄金版 TC512M M10","/Resource/2010/03/05/c1c22371-c8f1-4b26-b271-2eca39e07933.jpg"
"916","102","七彩虹GT220-GD3 CV黄金版 TC512M M08","/Resource/2010/11/24/c39728b2-e36f-49bf-9fab-2d4210ee5888middle_彩虹GT220-GD3 CV黄金版 TC512M M10.jpg"
"927","102","七彩虹GT220-GD2 CF黄金版 1G M25","/Resource/2010/11/22/b810785f-b0af-4f41-a0b9-e348a0f26843middle_七彩虹GT220-GD2 CF黄金版 1G M18 正面（大）.jpg"
"920","102","七彩虹GT220-GD3 CF黄金版 TC 1G N12","/Resource/2009/12/26/51aed82b-1af2-41c1-9d93-9e2b095e123d.jpg"
"919","102","七彩虹GT220-GD2 CF黄金版 TC 1G M28","/Resource/2009/12/14/92f82721-e905-4224-abf1-2cee8bfa1532.jpg"
"925","102","七彩虹GT220-GD2?CF黄金版?TC?1G?N25","/Resource/2009/12/02/3ea938ab-ed9c-4459-8af9-af027ce2be35.jpg"
"910","102","七彩虹GT220-GD3 CF白金版 512M M10","/Resource/2009/11/05/93416826-63bf-4c0a-96c7-1c0a1bb812a1.jpg"
"912","102","七彩虹GT220-GD3 CF白金版 TC512M M10","/Resource/2009/11/05/7996aa3f-4fe4-4bc9-b675-efe11be677fe.jpg"
"915","102","七彩虹GT220-GD2 CF白金版 1G M20","/Resource/2009/11/05/50149fa1-516b-4800-afb4-a36f192bfb3c.jpg"
"914","102","七彩虹GT220-GD2 CF黄金版 TC 1G M25","/Resource/2009/10/13/d347beb7-9b93-4b0c-acaa-ab1dbbf39702.jpg"
"921","102","七彩虹GT220-GD3 CF黄金版 1G M12","/Resource/2009/10/13/42546882-f335-416b-8a51-21f6292bb3f5.jpg"
"932","102","七彩虹GT220-GD3 CF黄金版 512M N12","/Resource/2009/10/13/34ce3db2-e9b3-48c6-a401-9bfa52ae07cf.jpg"
"5","102","七彩虹205-GD3 CF黄金版 TC512M C10","/uploads/image/2018/04/20180423100446148271.jpg"
"4","102","七彩虹205-GD3 CF黄金版 TC512M C08","/Resource/2010/11/01/7a676238-b215-4b5e-8e22-d1f39e8f38d2.jpg"
"6","102","七彩虹205-GD3 CF黄金版 TC512M M10","/Resource/2010/09/03/c6d2115d-11e6-4209-93a2-0b540b099b19.jpg"
"1170","102","逸彩9800GX2-GD3 CH版 1G R10","/Resource/2008/03/27/e2baa108-ccc6-431e-83d9-8b15cc1e66d9.jpg"
"706","102","逸彩9800GTX+ GD3 冰封骑士3F 512M M08","/Resource/2008/12/02/31c106c5-f409-46e5-ac0b-b1f9edd65300.jpg"
"707","102","IGAME9800GTX+ GD3 冰封骑士5F 512M R08","/Resource/2008/09/06/7ae7700a-f774-4f58-a46e-9d717993dae9.jpg"
"705","102","IGAME9800GTX+ GD3 CH版 512M D08","/Resource/2008/08/06/1695fcb1-44df-4f02-a62d-5947e60f420d.jpg"
"704","102","逸彩9800GTX-GD3 CH版 512M D08","/Resource/2008/03/27/1539efbb-ede4-4fdb-a3a2-77fd6302366e.jpg"
"681","102","逸彩9800GT-GD3 CF黄金版 512M N08","/Resource/2010/10/12/983bf891-067f-470c-866f-d2c0523382d7.jpg"
"683","102","逸彩9800GT-GD2 CF黄金版 TC 1G N25","/Resource/2010/04/30/c4282428-1515-41aa-a98d-244eefb03a13.jpg"
"689","102","逸彩9800GT-GD3 CF黄金版 512M F10 H","/Resource/2010/04/30/aeece352-8c19-4ea0-ab84-90257c1691f3.jpg"
"668","102","逸彩9800GT-GD3 CF黄金版 1G F10 H","/Resource/2010/03/24/c08eda80-dec1-496d-8280-f41b01a86480.jpg"
"695","102","逸彩9800GT-GD3 CF黄金版 512M M08 H","/Resource/2010/03/08/cb0b1aa6-68db-4e7d-b4b8-29740d2a8ff3.jpg"
"669","102","逸彩9800GT-GD2 CF黄金版 TC 1G M20 ","/Resource/2010/01/14/2639ccaf-8e30-4de0-a706-308c1d0d2c55.jpg"
"701","102","逸彩9800GT-GD2 CF黄金版 512M M20 ","/Resource/2009/12/21/eaf878aa-98b8-409e-8652-2e3ed42ec9c2.jpg"
"692","102","逸彩9800GT-GD3 CF黄金版 512M M08","/Resource/2009/12/11/27b55285-0f26-4d6f-9eb0-ac8ad1bfce19.jpg"
"693","102","逸彩9800GT-GD3 CF黄金版 512M F10","/Resource/2009/11/11/c7fb0a45-4ba3-4394-8773-7f640b0d2131.jpg"
"670","102","逸彩9800GT-GD3 CF黄金版 1G F10","/Resource/2009/10/14/beadb3df-259e-46ce-880c-d620de0912bf.jpg"
"702","102","逸彩9800GT-GD3 冰封骑士3F 512M F10","/Resource/2009/10/13/fbae71af-4fed-426e-b9ca-936d99439290.jpg"
"679","102","逸彩9800GT-GD2 CF 黄金版 1G N25","/Resource/2009/09/15/1b14fa55-03f2-49c0-b915-2d171117d426.jpg"
"682","102","逸彩9800GT-GD2 CF黄金版 512M N25","/Resource/2009/09/15/357378a9-ea05-4077-ba43-5a056603ed78.jpg"
"686","102","逸彩9800GT-GD3 CF黄金版 1G K10","/Resource/2009/09/09/d61a20bf-f5eb-4200-8e05-05b5cfd011ff.jpg"
"667","102","逸彩9800GT-GD3 CF黄金版 512M K10","/Resource/2009/09/03/afd8e48c-f9fa-463b-9105-792f1b02c3ca.jpg"
"694","102","逸彩9800GT-GD3 CF黄金版 512M T10","/Resource/2009/07/30/02d91ab4-de98-4458-9907-dbd55a762335.jpg"
"700","102","逸彩9800GT-GD3 CF黄金版 512M M10","/Resource/2009/07/17/b6fd2c4b-9933-4f00-b4b7-04ba1f8ecc2e.jpg"
"685","102","网驰9800GT-GD3 512M","/Resource/2009/12/21/a664ad62-6d68-49b6-a0e8-4a8a8d8c7d72.jpg"
"696","102","逸彩9800GT-GD3 冰封骑士3F 512M K10","/Resource/2009/05/27/531aee58-2a70-408c-b075-ec82b7f3ba40.jpg"
"697","102","逸彩9800GT-GD3 冰封骑士3F 512M T10","/Resource/2009/05/13/980b8d74-4450-497c-801c-c996afc004dc.jpg"
"678","102","逸彩9800GT-GD3 CF黄金版 1G N10","/Resource/2009/05/13/73ae5772-118e-4f8a-a20e-1efe3c0d57cd.jpg"
"673","102","逸彩9800GT-GD3 CF黄金版 1G M10","/Resource/2009/04/14/1f1b5073-a89c-4748-8ac5-8f581f8cb8f0.jpg"
"676","102","逸彩9800GT-GD3 CF黄金版 512M N10","/Resource/2009/04/13/1d51bff8-f14b-41f3-a68e-7b5783308661.jpg"
"691","102","逸彩9800GT-GD2 CF黄金版 512M M25","/Resource/2009/03/07/ec5e9f08-2284-4bcd-a0f0-628d52605489.jpg"
"699","102","逸彩9800GT-GD2 CF黄金版 1G M25","/Resource/2009/03/07/744155e8-1546-43f2-ac35-e816f4b09ce9.jpg"
"677","102","逸彩9800GT-GD3 冰封骑士3F 512M N10","/Resource/2009/01/16/10cc81a0-a70f-482b-9371-bf9100e6d9fc.jpg"
"674","102","iGame9800GT-GD3 冰封骑士5F 1G Q10","/Resource/2009/01/10/90227e32-553d-4250-8a52-9d86d1bf107a.jpg"
"672","102","逸彩9800GT-GD3 CF黄金版 512M R10","/Resource/2008/10/21/8608171a-8872-4140-b415-e60125e3b508.jpg"
"687","102","逸彩9800GT-GD3 冰封骑士3F 512M M10","/Resource/2009/04/25/f2f72d65-448c-4e85-9efa-1abb2e08a717.jpg"
"671","102","IGAME9800GT-GD3 定制版ND","/Resource/2008/09/02/4032c760-1836-4705-93aa-8db0b19c0b77.jpg"
"675","102","IGAME9800GT-GD3 定制版NC","/Resource/2008/09/02/64d9c6db-8a30-46d4-985b-582fc81b99b4.jpg"
"690","102","IGAME9800GT-GD3 定制版HA","/Resource/2008/09/02/95ae30ae-839f-4490-89c9-956005f6f8d1.jpg"
"703","102","IGAME9800GT-GD3 定制版LB","/Resource/2008/09/02/bc97cd21-d477-48f8-a1da-cf3f37a43a6e.jpg"
"684","102","逸彩9800GT-GD3 CF黄金版 512M D10 ","/Resource/2008/08/13/583080d9-8c4b-49d0-b15d-a54f6f1a1b5f.jpg"
"680","102","IGAME9800GT-GD3 冰封骑士5F 1G R10","/Resource/2008/08/11/8e5b4039-272f-434a-8a2f-47844714190a.jpg"
"698","102","IGAME9800GT-GD3 冰封骑士5F 512M R10","/Resource/2008/09/18/cd09d461-d4da-4da8-a112-42842d77705c.jpg"
"688","102","逸彩9800GT-GD3 CF白金版 512M R10","/Resource/2008/08/05/061cf41e-605d-4647-b5ee-9c6d435949a2.jpg"
"107","102","逸彩9600GT-GD3 CF黄金版 256M V11","/Resource/2008/08/27/52fda7cb-2579-4c10-b9f7-9f34f9394983.jpg"
"127","102","逸彩9600GT-GD3 CF黄金版 TC 1G M10","/Resource/2010/07/07/fda57989-3e50-4d3d-bce8-32f2b6d9aa47.jpg"
"138","102","逸彩9600GT-GD3 CF白金版 512M F10","/Resource/2009/11/18/6ca5c5d5-c1e3-465e-b722-d1ab67af34dc.jpg"
"110","102","逸彩9600GT-GD3 CF黄金版 TC512M M10","/Resource/2009/09/30/01786ff0-6738-4a3e-ace6-399911de3d18.jpg"
"146","102","逸彩9600GT-GD3 CF白金版 512M T10","/Resource/2009/09/26/d080552f-ee7a-48fb-bb16-eea0555a6c36.jpg"
"117","102","逸彩9600GT-GD2 CF黄金版 TC 1G M25","/Resource/2009/09/02/c828c19e-6eb1-4d24-b5f1-8a44a5361782.jpg"
"122","102","逸彩9600GT-GD3 CF黄金版 512M K14","/Resource/2009/08/27/0f4855de-adbf-43ca-adb3-30098500c34e.jpg"
"114","102","逸彩9600GT-GD3 CF黄金版 TC 1G N11","/Resource/2009/08/26/ee0f9862-9aa0-480b-ae6c-27dcc9da1486.jpg"
"140","102","逸彩9600GT-GD3 CF黄金版 TC 1G T12","/Resource/2009/10/10/171b37bb-0268-4e0c-9931-d5e102bba004.jpg"
"141","102","逸彩9600GT-GD3 CF白金版 512M N10","/Resource/2009/08/31/f6423f66-d0de-43b1-b52f-018d6b9b80bc.jpg"
"106","102","逸彩9600GT-GD3 CF黄金版 512M T12","/uploads/image/2018/05/20180502121043622306.jpg"
"133","102","逸彩9600GT-GD3 CF黄金版 512M N12","/Resource/2009/05/13/6dfb8a4d-9d7d-461c-9177-000d0f5ec961.jpg"
"126","102","逸彩9600GT-GD3 CF黄金版 TC512M M14","/Resource/2009/05/13/bc0354e8-a1a1-43b7-9b25-c51d0c37a47d.jpg"
"135","102","网驰9600GT-GD2 512M","/Resource/2009/03/28/37ec796e-cc11-4c98-b2c2-fe417d3be02e.jpg"
"119","102","iGame9600GT-GD3 UP烈焰战神 1G Q10","/Resource/2009/03/20/f14ac555-a098-4393-b3cf-3a85143575ad.jpg"
"137","102","逸彩9600GT-GD3 CF黄金版 512M T14","/Resource/2009/03/18/1c298c80-615c-40dd-b2f1-beaafdccf527.jpg"
"125","102","网驰9600GT-GD3 512M ","/Resource/2009/09/09/369c3009-5e06-4cb8-aa6b-5f59c602d643.jpg"
"144","102","逸彩9600GT-GD2 CF黄金版 1G M25","/Resource/2009/03/09/c8fa58b2-271d-440d-a4f4-f4d4df4ec1c8.jpg"
"121","102","IGAME9600GT-GD3 UP版 1G Q10","/Resource/2009/03/05/9ee39b0f-5182-4a46-9dab-07e0b7f802d5.jpg"
"130","102","逸彩9600GT-GD3 CF黄金版 512M N14","/Resource/2009/04/25/c8da552d-4ede-4c9b-b60b-8dbb503b4ac3.jpg"
"134","102","逸彩9600GT-GD3 CF黄金版 512M N10","/Resource/2009/03/05/f9d08bd1-1218-4945-87a5-00420458fdd9.jpg"
"108","102","逸彩9600GT-GD2 CF黄金版 512M N25","/Resource/2009/02/27/95b6e715-4b8d-4ea8-afad-93332eec2dd6.jpg"
"123","102","逸彩9600GT-GD3 CF黄金版 512M A14","/Resource/2009/08/03/1ed3cb6f-c2f4-4359-939f-0fbecf81fd52.jpg"
"145","102","逸彩9600GT-GD3 CF黄金版 512M M12","/Resource/2009/02/16/d6486205-46cc-4c57-92ba-64fe58f73e1d.jpg"
"142","102","逸彩9600GT-GD3 冰封骑士 1G M10","/Resource/2009/02/13/16815509-0a5e-47d4-badf-11c7d5372581.jpg"
"112","102","逸彩9600GT-GD3 CF黄金版 512M M14","/Resource/2009/02/05/5f1309e7-0e80-4719-825f-d9ad8b991264.jpg"
"113","102","逸彩9600GT-GD2 CF黄金版 512M M25","/Resource/2009/02/05/05dad756-7843-4967-a30d-529840a6e254.jpg"
"116","102","逸彩9600GT-GD3 CF黄金版 256M M11","/Resource/2009/02/04/4636d80c-7233-4c54-994f-d0642bfa16f0.jpg"
"104","102","逸彩9600GT-GD3 CF黄金版 256M M14","/Resource/2008/12/31/05625f66-a99f-4e4c-a1dd-ae3a97bde338.jpg"
"105","102","逸彩9600GT-GD3 CF黄金版 512M Y14","/Resource/2008/12/31/dda692f2-8800-471d-bc04-55c3b1945923.jpg"
"129","102","逸彩9600GT-GD3 CF黄金版 256M M10","/Resource/2008/12/15/1ca474ff-e4f7-41e6-a7a5-d0e9ae84ce15.jpg"
"128","102","逸彩9600GT-GD3 CF黄金版 512M V14","/Resource/2008/11/17/7f0ee4fd-7d7e-4412-aff8-7a1f2eac50d6.jpg"
"115","102","逸彩9600GT-GD3 CF白金版 512M M10","/Resource/2009/01/09/9e2117c9-53ce-4cfc-9561-e34f3f581438.jpg"
"136","102","逸彩9600GT-GD3 CF黄金版 512M D14","/Resource/2008/12/15/619b159e-8dca-4751-a759-4e9c7eda2819.jpg"
"120","102","逸彩9600GT-GD3 CF黄金版 512M D10","/Resource/2008/07/27/8f2978d3-144b-44aa-9b48-edfc30b45488.jpg"
"143","102","IGAME9600GT-GD3 UP烈焰战神 1G R10","/Resource/2008/06/17/9d809d08-8ac8-4123-95bf-fccc7386df77.jpg"
"111","102","逸彩9600GT-GD3 mini精致版 512M","/Resource/2008/06/14/fd83eb24-59db-4c74-95f1-50ae70adeeed.jpg"
"118","102","IGAME9600GT-GD3 UP烈焰战神 512M R10","/Resource/2008/06/05/ac0d368f-9f0b-454e-9f7f-0850dff063fa.jpg"
"124","102","逸彩9600GT-GD3 冰封骑士5F 1G R11","/Resource/2008/03/20/472bc4cf-1a26-4dc0-aa7f-11be6ecd424b.jpg"
"132","102","逸彩9600GT-GD3 锋影版 512M R10","/Resource/2008/03/31/98d43561-ffbe-4193-9e6f-3eee750aaadd.jpg"
"131","102","逸彩9600GT-GD3 冰封骑士5F 512M R10","/Resource/2008/03/03/00f2874c-a80c-48ac-98cf-f5554e30ab54.jpg"
"139","102","逸彩9600GT-GD3 锋影版 512M HXP","/Resource/2008/02/21/bdfd41d9-5fcd-4e4b-b672-1c664f7c3b93.jpg"
"109","102","逸彩9600GT-GD3 CH版 512M","/Resource/2008/02/16/db0ffb1d-92aa-465e-b178-3529efd6126c.jpg"
"494","102","逸彩9600GSO-GD2 CF黄金版 TC1G K25","/uploads/image/2018/05/20180502120721587141.jpg"
"493","102","逸彩9600GSO-GD2 CF黄金版 TC 1G M30","/uploads/image/2018/05/20180502120840632235.jpg"
"512","102","逸彩9600GSO-GD2 CF黄金版 TC 1G M20","/Resource/2010/01/29/d4b3b342-0ae0-427e-8498-cf3d5020978b.jpg"
"495","102","逸彩9600GSO-GD3 CF黄金版 TC512M M08","/Resource/2009/12/30/607a9e26-f756-4b67-af15-315f2cadf4e7.jpg"
"513","102","逸彩9600GSO-GD2 CF黄金版 TC 1G N25","/Resource/2009/12/30/2f97c73d-040c-4140-9cee-99ed17b241af.jpg"
"496","102","逸彩9600GSO-GD3 CF黄金版 TC512M N10","/Resource/2009/09/11/a1f4b469-62d6-4eb1-b910-a11e13c17657.jpg"
"502","102","逸彩9600GSO-GD3 CF黄金版 TC 1G M12","/Resource/2009/09/11/a8137108-9e7f-48a1-b263-50370cac8642.jpg"
"514","102","逸彩9600GSO-GD2 CF黄金版 TC 1G M25","/Resource/2009/09/01/c93dfc6a-7279-4401-acce-ee79fbf9236b.jpg"
"492","102","逸彩9600GSO-GD3 CF黄金版 TC512M M10","/Resource/2009/08/05/20722ed4-5dc7-43bf-b910-b6c70064c3c1.jpg"
"499","102","逸彩9600GSO-GD3 CF黄金版 512M T10","/Resource/2009/06/25/4a3151de-cb9d-4b85-9315-e7908aea5579.jpg"
"509","102","逸彩9600GSO-GD2 CF黄金版 512M K25","/Resource/2009/06/24/dfefc693-da44-4ef6-9976-8ae4ef4613b0.jpg"
"490","102","逸彩9600GSO-GD3 CF黄金版 TC512M M14","/Resource/2009/06/23/8560efc6-0faf-4e4a-b8e2-d4077b746a65.jpg"
"505","102","逸彩9600GSO-GD3 CF黄金版 512M M14","/Resource/2009/05/20/0b37ff45-fa55-44a1-b646-f812ae5029a0.jpg"
"506","102","逸彩9600GSO-GD3 CF黄金版 512M N10","/Resource/2009/05/13/a46ff34c-95b8-4351-a04a-998cba095328.jpg"
"497","102","逸彩9600GSO-GD3 CF黄金版 512M M10","/Resource/2009/04/22/ab0c2957-700d-40c6-bf67-67ff1a79084a.jpg"
"500","102","网驰9600GSO-GD2 512M","/Resource/2009/04/02/b54287c8-d358-49c9-a3ce-379561959a09.jpg"
"503","102","逸彩9600GSO-GD2 CF黄金版 1G M25","/Resource/2009/03/13/59b70e82-9c59-40a3-889a-1ef75841126f.jpg"
"508","102","逸彩9600GSO-GD2 CF黄金版 512M T25","/Resource/2009/03/05/237cc7a3-cd80-4246-84e0-4c29f623ba67.jpg"
"498","102","逸彩9600GSO-GD2 CF黄金版 512M N25","/Resource/2009/02/05/0a8027ca-ecb6-489d-876e-540f976de1c2.jpg"
"501","102","逸彩9600GSO-GD3 CF黄金版 256M M11","/Resource/2009/02/04/a8883008-a4a4-4e65-86a5-be74b4ac80e4.jpg"
"488","102","逸彩9600GSO-GD3 CF黄金版 256M M14","/Resource/2009/01/09/67d668e7-8e23-4ba0-a2f0-874bd6ffab28.jpg"
"511","102","逸彩9600GSO-GD3 CF黄金版 256M M10","/Resource/2009/01/09/0b92e3b2-bf6c-4100-ba8c-3d90f05d4569.jpg"
"489","102","逸彩9600GSO-GD3 CF黄金版 256M M10","/Resource/2008/11/17/562a28a2-4ef9-4cbb-aa98-ba73ae62c40b.jpg"
"491","102","逸彩9600GSO-GD3 CF黄金版 256M Y14","/Resource/2008/12/23/69308f3e-948f-4737-aba2-ad94c8f5c630.jpg"
"510","102","逸彩9600GSO-GD3 CF白金版 384M M10","/Resource/2008/09/02/6dd9f28b-6e14-4fcd-9170-84adcd051405.jpg"
"487","102","逸彩9600GSO-GD3 CF白金版 384M R10","/Resource/2008/05/23/817ee06a-8604-46ce-9f2f-4fcffe09c3bc.jpg"
"504","102","逸彩9600GSO-GD3 CF黄金版 384M R14","/Resource/2008/05/13/cd5cf585-9bff-42f6-858e-573b1ea74eec.jpg"
"507","102","逸彩9600GSO-GD3 CH黄金版 384M D14","/Resource/2008/05/07/93eb759a-1d9c-4e0b-a609-9a00cfcd6e27.jpg"
"772","102","逸彩9500GT-GD3 CV黄金版 TC512M C10","/Resource/2010/11/01/619835e6-ee03-4dd9-adae-064c31e81dd0.jpg"
"773","102","逸彩9500GT-GD3 CV黄金版 TC512M C14","/uploads/image/2018/05/20180502120515304636.jpg"
"787","102","逸彩9500GT-GD2 CV黄金版 TC512M R25","/Resource/2010/08/13/d7e9c9b6-d184-4318-9593-ec41b8b67e25.jpg"
"762","102","逸彩9500GT-GD3 CV黄金版 TC512M B08","/Resource/2010/03/05/cdb4f916-1942-4383-842c-b5d8868fe40c.jpg"
"751","102","逸彩9500GT-GD3 CV黄金版 TC512M C08","/Resource/2010/03/08/b98da9f9-7e28-408b-afc0-9da91e5440f3.jpg"
"758","102","逸彩9500GT-GD2 CV黄金版 TC512M C30","/Resource/2010/01/06/77af233d-2429-4acb-9b5e-d12adeb7ef8e.jpg"
"770","102","逸彩9500GT-GD3 CV黄金版 TC512M C10","/Resource/2009/10/16/c1610d2d-b0f9-48fc-b930-4cc90bb05413.jpg"
"749","102","逸彩9500GT-GD2 CV黄金版 512M M25","/Resource/2009/09/15/a3ec22c1-3894-46a6-815d-96f00dbe4fc7.jpg"
"754","102","逸彩9500GT-GD3 CV黄金版 TC512M T14","/Resource/2009/09/14/2c76380c-2d38-4725-8b01-b658be60733a.jpg"
"786","102","逸彩9500GT-GD3 CF黄金版 TC512M K14","/Resource/2009/09/11/819d7492-95e4-403d-8687-8674eda4af89.jpg"
"747","102","逸彩9500GT-GD3 CV版 TC512M N10","/Resource/2009/08/15/ee3a4588-d588-4e00-b341-e3a8c2266918.jpg"
"789","102","逸彩9500GT-GD2 CV冰封骑士-0DB 512M M25","/Resource/2009/08/14/3eb9bf85-9210-4c9d-b88a-6b16e715920b.jpg"
"760","102","逸彩9500GT-GD2 CF黄金版 512M N25","/Resource/2009/07/30/b81efc50-b1ee-4fce-8dad-ad2476e85e30.jpg"
"771","102","逸彩9500GT-GD3 CV版 TC512M N14","/Resource/2009/07/30/713eeedf-4d8e-46fe-8e0c-24124dedc054.jpg"
"763","102","逸彩9500GT-GD2 CV版 TC512M M30","/Resource/2009/07/18/aa375539-5922-46e7-b4a8-6936c9c470b3.jpg"
"776","102","逸彩9500GT-GD3 CV版 TC512M M20","/Resource/2009/06/17/39a047e1-6a82-4436-982f-6eb84fe76712.jpg"
"778","102","逸彩9500GT-GD2 CV冰封骑士-0DB TC512M M30","/Resource/2009/05/22/8f302d57-e064-4870-ba61-c2e47f6daa26.jpg"
"753","102","逸彩9500GT-GD3 CV版 TC512M X14","/Resource/2009/05/26/5dc18a2f-030d-4a80-91f9-3d85b917fcfe.jpg"
"779","102","逸彩9500GT-GD2 CV冰封骑士-0DB TC512M N25","/Resource/2009/02/26/3127f63d-f126-4f06-9bff-0699fb087f5b.jpg"
"750","102","逸彩9500GT-GD3 CF黄金版 256M M12","/Resource/2009/02/07/e9fd2bea-0169-459e-9385-79500e64a6d5.jpg"
"764","102","逸彩9500GT-GD3 CF黄金版 TC512M N11","/Resource/2009/02/17/386e9434-2d58-4231-8238-7a4f5e709fed.jpg"
"777","102","逸彩9500GT-GD3 CF黄金版 TC512M M10","/Resource/2009/01/14/5b7cbd09-323a-4f41-8a43-d62ca589d625.jpg"
"768","102","逸彩9500GT-GD3 CV版 TC512M M14","/Resource/2009/01/16/5b395b5d-098c-4081-ae30-7bf32e8ae103.jpg"
"748","102","逸彩9500GT-GD3 UP烈焰战神 256M P10","/Resource/2008/12/18/8d80f905-9c9b-4ec5-b46c-4c1c75f6f9ac.jpg"
"780","102","逸彩9500GT-GD3 CF黄金版 256M M14","/uploads/image/2018/05/20180502120413419868.jpg"
"774","102","逸彩9500GT-GD3 CF黄金版 TC512M N14","/Resource/2008/12/15/bce91965-b6b3-4ba1-9753-70456aa40415.jpg"
"783","102","逸彩9500GT-GD3 CF黄金版 TC512M M11","/Resource/2008/12/04/d470911c-2c2f-457f-8f9b-a0a17e11d795.jpg"
"755","102","逸彩9500GT-GD3 CF黄金版 TC512M M14","/Resource/2008/11/13/79f628fe-f1b8-4eb1-a1a2-80144db1f7ef.jpg"
"782","102","逸彩9500GT-GD3 CV版 TC512M M10","/Resource/2008/11/07/99487af2-62b5-4e34-af8f-d5c1f7e3be8c.jpg"
"766","102","逸彩9500GT-GD2 CV冰封骑士-0DB TC512M M25","/Resource/2008/09/29/a1b875e2-9a60-4abb-a5da-854528f986eb.jpg"
"752","102","逸彩9500GT-GD2 冰封骑士-0DB TC512M M25","/Resource/2008/09/22/486b9298-e805-47cb-8c77-57275a526fc1.jpg"
"775","102","逸彩9500GT-GD3 CF黄金版 TC512M V14","/Resource/2008/10/13/a4884176-f409-40d3-9b94-c04ecb397474.jpg"
"769","102","逸彩9500GT-GD2 冰封骑士-0DB 512M M25","/Resource/2008/08/27/e7343c64-650b-4f22-8e6b-7c69c57a43d4.jpg"
"757","102","逸彩9500GT-GD3 CF白金版 256M T10","/Resource/2008/09/18/1fe43d9a-9dae-4d9a-8f79-eaa7d7926a8a.jpg"
"765","102","逸彩9500GT-GD3 CF黄金版 TC512M V10","/Resource/2009/02/25/3ac8594b-dbd6-4fea-882c-e75fb3c8ac66.jpg"
"761","102","逸彩9500GT-GD3 CF黄金版 256M M10","/Resource/2008/08/08/5e98baf2-7ede-4b6a-b445-ee3407bed35e.jpg"
"785","102","逸彩9500GT-GD2 CF黄金版 1G M25","/Resource/2008/08/04/80599559-04ef-4674-9d79-2c970e940d89.jpg"
"788","102","逸彩9500GT-GD2 CF黄金版 512M M25","/Resource/2008/08/04/f73bf6a4-7256-421f-b0b5-7b26a4ee738e.jpg"
"781","102","逸彩9500GT-GD3 CF黄金版 256M V10","/Resource/2008/07/31/00b13e1c-67f1-4857-b932-53244cd93a83.jpg"
"784","102","逸彩9500GT-GD3 CF白金版 256M M10","/Resource/2008/07/31/063f4862-8875-4258-8c2e-c7c00ab2c456.jpg"
"790","102","逸彩9500GT mini精致版 256M","/Resource/2008/07/31/cf41ee4a-e4ab-4b4a-a6ea-1c6389abb8e6.jpg"
"759","102","逸彩9500GT-GD3 UP烈焰战神 512M P10","/Resource/2008/07/30/26acca25-5eac-415c-973a-9d3d2738b4ee.jpg"
"767","102","逸彩9500GT-GD3 UP烈焰战神 256M M08","/Resource/2008/07/30/29ad0576-b53d-4c5d-b53b-f391c42fdd7a.jpg"
"2099","102","iGame GeForce RTX 4060 Ti Ultra Z OC 16GB","/uploads/image/2023/09/20230921143422984238.jpg"
"2098","102","iGame GeForce RTX 4060 Ti Ultra Z OC 8GB","/content/upload/form/102/202312/e74dc596-eb45-4c6b-94a1-ed516adb20e2.jpg"
"2097","102","iGame GeForce RTX 4060 Ultra Z OC 8GB","/uploads/image/2023/09/20230921143224837706.jpg"
"2102","102","iGame GeForce RTX 4060 Advanced OC 8GB","/uploads/image/2023/09/20230919142303522283.jpg"
"2101","102","iGame GeForce RTX 4060 Ti Ultra W 16GB","/uploads/image/2023/09/20230918172443364606.jpg"
"2100","102","iGame GeForce RTX 4090 Vulcan W","/uploads/image/2023/09/20230918171934810706.jpg"
"2096","102","战斧 GeForce GTX 1650 4GD6 V5","/uploads/image/2023/09/20230911174049803506.jpg"
"2095","102","战斧 GeForce GTX 1630 4GD6 V2","/uploads/image/2023/09/20230911171943671106.jpg"
"2094","102","COLORFIRE GeForce RTX 4070 Ti 橘影橙 12GB","/uploads/image/2023/09/20230911141336259438.jpg"
"2093","102","iGame GeForce RTX 4080 16GB Vulcan W","/uploads/image/2023/09/20230907141533723365.jpg"
"2092","102","七彩虹 GeForce GTX 1650 灵动鲨 4GD6 V5","/uploads/image/2023/08/20230828161223639681.jpg"
"2091","102","iGame GeForce RTX 4070 Ultra W DUO OC 12GB","/uploads/image/2023/08/20230821142011462615.jpg"
"2090","102","战斧 GeForce GTX 1660 SUPER 6G V2","/uploads/image/2023/08/20230821133658262806.jpg"
"2089","102","iGame GeForce RTX 4060 Ti Advanced 16GB","/uploads/image/2023/08/20230816104905452816.jpg"
"2088","102","iGame GeForce RTX 4070 Ultra Z","/uploads/image/2023/08/20230816104514503065.jpg"
"850","102","逸彩9400GT-GD3 CV版 TC512M T10","/Resource/2009/08/12/146839dd-4327-4682-bf77-2c31f1e84212.jpg"
"842","102","逸彩9400GT-GD3 CV版 TC512M M20","/Resource/2009/06/17/44770f18-b300-4deb-b86e-5f04924f9920.jpg"
"855","102","逸彩9400GT-GD2 CV冰封骑士-0DB TC512M M30","/Resource/2009/05/13/9bdd5eff-5fda-4e80-9112-e83efb3e651b.jpg"
"852","102","逸彩9400GT-GD2 CV版 TC512M M30","/Resource/2009/04/07/7fa66095-531c-4ba3-b499-14c95a022750.jpg"
"857","102","逸彩9400GT-GD2 CV版 TC512M M37","/Resource/2009/04/07/adaa4941-9260-4c9e-9570-801c339bb184.jpg"
"838","102","逸彩9400GT-GD3 CV版 TC512M M14","/Resource/2009/02/27/547b85bf-906e-4bf9-bdcb-af6e5827acff.jpg"
"847","102","逸彩9400GT-GD2 CV冰封骑士-0DB TC512M T25","/uploads/image/2021/03/20210330161205719310.jpg"
"848","102","逸彩9400GT-GD3?CF黄金版?256M?M14","/Resource/2009/01/07/b8348e1c-71cf-4313-bf70-1068212f3815.jpg"
"858","102","逸彩9400GT-GD2 CV版 TC512M T25","/Resource/2009/01/06/0c183b47-8ab2-4add-bf45-f1d807e19434.jpg"
"860","102","逸彩9400GT-GD2 CV版 TC512M N25","/Resource/2009/01/06/de014d00-d223-4184-a50b-e5f0362e8124.jpg"
"839","102","逸彩9400GT-GD3 CF黄金版 TC512M M16","/Resource/2009/03/13/26270087-67e6-4351-abbe-700205f648a7.jpg"
"840","102","逸彩9400GT-GD2 CV冰封骑士-0DB TC512M M28","/Resource/2008/12/11/59e2913d-bab3-4e96-8716-a21fc2c350a3.jpg"
"861","102","逸彩9400GT－GD3 CV版 TC512M N10","/Resource/2008/12/03/2a4ab0de-ea73-4e1f-a3c0-cb3966bb4aa2.jpg"
"841","102","逸彩9400GT-GD3 CV版 TC512M M10","/Resource/2008/10/27/a76abaf1-1677-4f44-9a99-c45085c6698b.jpg"
"843","102","逸彩9400GT mini精致版 256M","/Resource/2008/10/08/a7553aa7-5613-4c5e-8d29-d4dc09ab07bf.jpg"
"859","102","逸彩9400GT-GD3 CF黄金版 TC512M M14","/Resource/2008/09/27/40bcc2f6-1730-477e-9648-498f565fea22.jpg"
"849","102","逸彩9400GT-GD2 CV冰封骑士-0DB TC512M M25","/Resource/2008/09/19/5c8e0d2d-4ddd-47a7-83b8-b35e90cb5650.jpg"
"856","102","逸彩9400GT-GD3 CF黄金版 TC512M V16","/Resource/2008/10/23/a263ce17-d61c-4736-b6aa-4a0e3b600a55.jpg"
"844","102","逸彩9400GT-GD2 CF黄金版 256M M25","/uploads/image/2018/05/20180502120252065456.jpg"
"845","102","逸彩9400GT-GD2 CF黄金版 512M M25","/Resource/2008/08/27/68ef33ad-2387-41c3-821d-52f731096382.jpg"
"846","102","逸彩9400GT-GD2 冰封骑士-0DB 512M M25","/Resource/2008/08/27/ce72a8bc-dd16-4e90-a309-1253b9ddeb24.jpg"
"851","102","逸彩9400GT-GD3 CF黄金版 256M V10","/Resource/2008/08/27/d84976eb-efd3-403c-a67f-a657169b601d.jpg"
"853","102","逸彩9400GT-GD3 UP烈焰战神 256M P10","/Resource/2008/08/27/ccb0f442-c326-46c3-a2b7-233ab78a678a.jpg"
"854","102","逸彩9400GT-GD3 CF白金版 256M M10","/Resource/2008/08/27/64d0fcc3-b25b-4e07-b64d-a5df51511600.jpg"
"714","102","七彩虹9300GS-GD3 CV黄金版 TC512M C10","/Resource/2011/01/12/0c93a57b-7e3c-4196-8308-5e7d73fdfb72middle_七彩虹9300GS-GD3 CV黄金版 TC512M C10 正面（大）.jpg"
"708","102","七彩虹9300GS-GD2 CF黄金版 TC512M Z30","/Resource/2010/11/26/e61d03ff-4e82-4139-b023-36f5d5dc466bmiddle_七彩虹 9300GS-GD2 黄金版 TC512M Z30 正面（大）.jpg"
"717","102","七彩虹9300GS-GD3 CF黄金版 TC512M C08","/Resource/2010/11/01/2b3c9446-91ed-4f3c-8c8a-ae346631bc42.jpg"
"710","102","七彩虹9300GS-GD3 CF黄金版 TC512M B11","/Resource/2010/10/27/64de8087-fd09-4fe5-afec-a134b428a1d3.jpg"
"713","102","逸彩9300GS-GD3 CF黄金版 TC512M C11","/Resource/2010/07/14/6bbed36c-bf21-4669-a8fb-08485584c1d1.jpg"
"712","102","逸彩9300GS-GD2 CF黄金版 TC512M A30","/Resource/2010/05/21/0c1d39d7-a5cc-481a-a125-f9f679da887d.jpg"
"709","102","逸彩9300GS-GD2 CF黄金版 TC512M A20","/Resource/2010/03/24/c34f9df8-af54-4d6c-8c07-f6b2d4a79cdf.jpg"
"711","102","逸彩9300GS-GD2 CF黄金版 TC512M A25","/Resource/2010/01/06/47254ebc-7e04-494c-a511-969fe79ff8c5.jpg"
"716","102","逸彩9300GS-GD2 CF黄金版 TC512M C30","/Resource/2009/09/25/7d118b9f-0962-4af6-b49a-1f6e5a88e57a.jpg"
"715","102","逸彩9300GS-GD2 冰封骑士-0DB TC512M C30","/Resource/2009/06/03/d1c90b96-2586-46d1-84ea-a501282c6cd4.jpg"
"948","102","逸彩8800GTS-GD3 CH版 512M D10","/Resource/2008/03/13/1f6fd742-a81f-4af9-9054-ae831a59b7f5.jpg"
"949","102","逸彩8800GTS-GD3 冰封骑士5 512M D10","/Resource/2007/12/18/796db045-ad1e-457c-b7d4-063acfe3ed33.jpg"
"905","102","天行8800GTX-GD3 CH版 768M V10","/Resource/2007/10/08/d8a4423d-a7c1-43bc-a878-063a0570c653.jpg"
"904","102","逸彩8800GTX-GD3 CH版 768M V10","/Resource/2006/11/17/0b1d197d-b279-42a7-8e79-24a0d6ca789b.jpg"
"895","102","天行8800GTS-GD3 CH版 320M V11","/Resource/2007/10/08/43cc59b2-4fcb-4d67-b7b3-e9532d4e7468.jpg"
"893","102","天行8800GTS-GD3 CH版 640M V12","/Resource/2007/10/08/c82d0fb6-b9f6-4c42-9543-8a0b90d890b4.jpg"
"892","102","逸彩8800GTS-GD3 CH版 320M V11","/Resource/2007/03/05/9ac12e9c-a1ef-4b6c-89c6-743e2479cdee.jpg"
"894","102","逸彩8800GTS-GD3 CH版 640M V12","/Resource/2006/11/17/4a71d419-a8d1-4717-8068-592685d6d1ec.jpg"
"970","102","逸彩8800GT-GD3 冰封骑士5F 1G R11","/Resource/2008/03/31/de21f1d5-3e20-4500-aee7-8b399d990b78.jpg"
"974","102","逸彩8800GT-GD3 锋影版 512M R10","/Resource/2008/03/04/df9610c4-14b5-459f-8c32-d4f0a6324f1c.jpg"
"973","102","逸彩8800GT-GD3 冰封骑士5F 512M R10","/Resource/2008/01/05/b0616406-e7e6-4e6a-b993-e609a1ccc011.jpg"
"975","102","逸彩8800GT-GD3 CF黄金版 512M D10","/Resource/2007/12/10/5f3c3519-6d7b-4ddf-992c-819826e4cf75.jpg"
"971","102","逸彩8800GT-GD3 CF白金版 256M D11","/Resource/2007/12/08/3ee2cbb9-c5df-41cd-9501-89f44ba34cd0.jpg"
"969","102","逸彩8800GT-GD3 CH版 512M D10","/Resource/2007/11/09/25f06f80-96b6-4156-b481-9d4d25ca1386.jpg"
"972","102","逸彩8800GT-GD3 铁马冰河 512M","/Resource/2007/11/09/b30004a8-05eb-4ab4-a339-3e7542b590f5.jpg"
"976","102","逸彩8800GT-GD3 冰封骑士5 512M D10","/Resource/2007/11/09/d74fa30c-ccfe-4404-91ad-606e9ec8b8d8.jpg"
"101","102","逸彩8800GS-GD3 锋速版 768M D10","/Resource/2008/01/10/7efa41ab-39af-4761-8991-123af8d3b1ea.jpg"
"102","102","逸彩8800GS-GD3 锋影版 768M D10","/Resource/2008/01/10/a2defb22-320b-445c-bf74-0c8e7726b0df.jpg"
"103","102","逸彩8800GS-GD3 锋影版 384M HXP","/Resource/2008/01/03/2c6042fb-3999-43c6-a45f-b958124ef5b4.jpg"
"1172","102","逸彩8600GTS-GD3 CF黄金版 256M H10","/Resource/2007/10/31/b2fcf956-a277-45e1-94f0-04b6c0175ddf.jpg"
"1174","102","逸彩8600GTS-GD3 CF黄金版 256M M10","/Resource/2007/10/26/d29111b9-25fc-4ee3-a323-09673813dd34.jpg"
"1176","102","逸彩8600GTS-GD3 CF黄金版 256M D10","/Resource/2007/09/20/51df4c08-a331-4a90-90d0-aaa5b054f64d.jpg"
"1173","102","逸彩8600GTS-GD3 UP烈焰战神 256M J10","/Resource/2008/01/10/ae97bda5-3ba2-48eb-b3fe-276f096abf97.jpg"
"1175","102","逸彩8600GTS-GD3 UP烈焰战神 256M T10","/Resource/2007/05/11/27f0702d-e7ed-470a-baaf-27f5024f2e55.jpg"
"1171","102","逸彩8600GTS-GD3 CH版 256M F10","/Resource/2007/05/18/412c3920-b301-4b51-a5e6-78a66df3a933.jpg"
"1006","102","逸彩8600GT-GD2 CF黄金版 512M V25","/Resource/2008/07/27/03f83ba6-da98-458a-b259-35e234fac68a.jpg"
"1031","102","逸彩8600GT-GD2 CF黄金版 512M F25","/Resource/2008/07/27/6155c7bf-c2ee-464c-be50-9d7df703dc22.jpg"
"1032","102","逸彩8600GT-GD3 CF黄金版 TC512M V14","/Resource/2008/07/27/e291251d-e6cc-423a-8cad-44d033b36d8e.jpg"
"1026","102","逸彩8600GT-GD2 CV版 TC512M V25","/Resource/2008/06/12/4cdaac68-8199-4510-96b2-9d290a058c19.jpg"
"1023","102","逸彩8600GT-GD2 CF黄金版 TC512M V25","/Resource/2008/06/03/aa8b2ffc-044c-4794-ad47-31c4674fe61a.jpg"
"1010","102","逸彩8600GT-GD2 CF黄金版 1G V25","/Resource/2008/04/26/978a0a6f-deaa-43b4-8118-cc80fa6c7699.jpg"
"1009","102","逸彩8600GT mini 精致版 256M","/Resource/2008/02/19/001b3c7e-ce5b-4f4f-a2ae-43556fa4c187.jpg"
"1018","102","逸彩8600GT-GD2 CF黄金版 256M F25","/Resource/2008/04/07/ca139a53-7977-41ea-89b8-3daae54a5633.jpg"
"1028","102","逸彩8600GT-GD2 CF黄金版 256M V25","/Resource/2008/04/23/306ea2c6-fe4e-41d0-9ec4-6265867a2659.jpg"
"1020","102","逸彩8600GT-GD2 CF黄金版 1G D20","/Resource/2007/12/28/fe1fb488-8105-4e5f-95c6-9f534dbacc8d.jpg"
"1008","102","逸彩8600GT-GD3 CF黄金版 TC256M H14","/Resource/2007/12/25/77b23fa2-be00-4234-8825-a126653d48b1.jpg"
"1012","102","逸彩8600GT-GD2 CF黄金版 256M H25","/Resource/2008/01/10/c2869e8e-ef30-4474-84a4-dccd1bd8d912.jpg"
"1027","102","逸彩8600GT-GD3 CF白金版 256M H12","/Resource/2007/11/29/4fd4565e-21b5-4947-bd06-fd73f2e608db.jpg"
"1030","102","逸彩8600GT-GD3 CF黄金版 512M H14","/Resource/2007/11/16/f4ce9d34-3c31-4976-92c5-1352196e6317.jpg"
"1016","102","逸彩8600GT-GD3 CF黄金版 256M V14","/Resource/2008/04/23/c8d41346-bf14-4412-a51d-04b3ad316ca2.jpg"
"1021","102","逸彩8600GT-GD3 CF白金版 256M V12","/Resource/2007/10/09/9f4f7c4c-c25f-42d8-be8b-ee2e9a4c3585.jpg"
"1034","102","逸彩8600GT-GD3 UP烈焰战神 256M J10","/Resource/2008/01/03/a4080bc5-bd51-41cf-bcb0-d8ec8e90733a.jpg"
"1036","102","逸彩8600GT-GD3 CF黄金版 128M H14","/Resource/2007/09/15/9d032305-d960-461c-bfdb-1f6da6b732b8.jpg"
"1007","102","逸彩8600GT-GD2 CF黄金版 512M H25","/Resource/2007/07/18/842fbf40-7011-46be-8b65-7955d88ef2ae.jpg"
"1013","102","逸彩8600GT-GD3 CF黄金版 256M D14","/Resource/2007/07/25/21851fd4-8247-4372-a298-5c3c50052217.jpg"
"1014","102","逸彩8600GT-GD3 冰封骑士5T 256M H10","/Resource/2007/07/10/2f59f491-e667-4f15-ad96-543dbeb40706.jpg"
"1035","102","逸彩8600GT-GD3 CF黄金版 256M H14","/Resource/2007/07/05/1b4bddd4-5361-4027-8fdf-8b7e809aef80.jpg"
"1011","102","逸彩8600GT-GD3 CF黄金版 512M F14","/Resource/2007/07/04/ac86986a-59d8-41e6-bdeb-363c5c5f29d5.jpg"
"1015","102","逸彩8600GT－GD3 CF白金版 256M D10","/Resource/2007/07/04/bbdcbd7e-c66e-4286-9f6b-379451066bd5.jpg"
"1033","102","逸彩8600GT-GD3 UP烈焰战神 256M H10","/Resource/2007/07/04/dc941f47-d48a-4429-bf80-33b46c253223.jpg"
"1017","102","逸彩8600GT-GD2 冰封骑士-0DB 512M H25","/Resource/2007/07/04/8cd751f9-f891-4a40-82dd-d4650726581c.jpg"
"1024","102","逸彩8600GT-GD2 CF黄金版 512M F25","/Resource/2008/06/05/33d9f1a7-63c3-49db-9291-a1f66b3a5e25.jpg"
"1025","102","逸彩8600GT-GD3 CF黄金版 128M F14","/Resource/2007/05/17/8433f5b9-2481-4fa1-a5eb-b6f27ded9137.jpg"
"1022","102","逸彩8600GT-GD3 UP烈焰战神 256M F10","/Resource/2007/05/11/71d7e700-450d-4ec6-882a-54d2cdaff520.jpg"
"1029","102","逸彩8600GT-GD3 CF白金版 256M V12 ","/Resource/2007/04/20/c5e85cef-fa17-42cf-82a9-4c2509dae129.jpg"
"1019","102","逸彩8600GT-GD3 CF黄金版 256M F14","/Resource/2008/05/07/99b81aa0-1fc3-49da-83bc-382806b5d6ab.jpg"
"485","102","逸彩8500GT-GD3 CF黄金版 TC512M V10","/uploads/image/2018/05/20180502115802357606.jpg"
"481","102","逸彩8500GT-GD2 CV版 TC512M Z25","/Resource/2008/06/11/d49c36fb-b787-4948-b91f-74ab568f39a3.jpg"
"455","102","逸彩8500GT-GD2 CF黄金版 TC512M V20","/Resource/2008/06/03/6a7b1f24-2c09-4a6d-8710-9ebf52b93d3b.jpg"
"453","102","逸彩8500GT-GD2 冰封骑士-0DB 256M V20","/Resource/2008/05/12/5beed2cf-cf54-4899-837b-d209da731fbb.jpg"
"477","102","逸彩8500GT-GD2 CF黄金版 TC512M V50","/Resource/2008/05/07/6530b351-715b-487d-a6b3-67cb71e42a43.jpg"
"465","102","逸彩8500GT-GD3 CF黄金版 TC512M F14","/Resource/2008/04/12/43f7ee99-8fb8-4189-bb76-fc13940167c4.jpg"
"456","102","逸彩8500GT-GD2 CF黄金版 512M V30","/uploads/image/2018/05/20180502120004209681.jpg"
"457","102","逸彩8500GT CF 黄金版 TC512M V33","/Resource/2008/05/05/e35a6e34-66cb-4c2d-84f1-1e5d0bae55f4.jpg"
"459","102","逸彩8500GT-GD2 冰封骑士-0DB 256M V25","/Resource/2008/03/25/510a7b2f-b0f2-4116-939f-8ff7e2319047.jpg"
"479","102","逸彩8500GT-GD2 CF 黄金版 512M F25","/Resource/2008/02/19/789b4f2f-8893-4b1f-8919-23342c755303.jpg"
"482","102","逸彩8500GT mini精致版 256M","/Resource/2008/02/14/a103648d-693c-4a0f-bc31-c2fc0ab4c6d4.jpg"
"451","102","逸彩8500GT-GD2 CF黄金版 256M H25","/Resource/2008/01/25/067fc0f7-c5d9-472d-a8c4-3471acd501c6.jpg"
"484","102","逸彩8500GT-GD2 冰封骑士-ODB 512M F25","/Resource/2008/04/07/c022020d-f778-4b54-8c99-1227386aaa4d.jpg"
"475","102","逸彩8500GT-GD2 冰封骑士-0DB 256M F25","/Resource/2008/04/07/a2ecb879-9605-4067-8d8c-8727011600f8.jpg"
"462","102","逸彩8500GT CF黄金版 TC256M V33","/Resource/2007/12/04/a0f96e38-9c4e-4432-b29d-4007897fdcf3.jpg"
"464","102","逸彩8500GT-GD3 CF黄金版 TC256M H14","/Resource/2007/10/24/52993590-ed7b-48ee-a2ba-1488df670f38.jpg"
"486","102","逸彩8500GT-GD2 CF黄金版 512M F25 ","/Resource/2007/10/09/91e4959c-5452-4818-b106-c334525a3b4f.jpg"
"469","102","逸彩8500GT-GD3 CF黄金版 256M D14","https://images.colorful.cn/2007/08/03/9d593db1-a85d-4dd2-8f6e-5b941104c292.jpg"
"471","102","逸彩8500GT-GD2 冰封骑士-0DB 256M H28","https://images.colorful.cn/2007/08/03/18254535-8383-434e-81a9-b1b3212ff235.jpg"
"473","102","逸彩8500GT-GD2 CF黄金版 256M V28","/uploads/image/2018/05/20180502115903805187.jpg"
"452","102","逸彩8500GT-GD3 UP烈焰战神 256M J10","/Resource/2007/07/18/7ee1eb03-6b79-4e5d-93ab-62a336ca9801.jpg"
"461","102","逸彩8500GT-GD3 冰封骑士5T 256M H10","/Resource/2007/07/10/319f1084-66d1-402d-af37-5b3a16d10674.jpg"
"476","102","逸彩8500GT-GD2 冰封骑士-0DB 256M H25","/Resource/2007/07/05/21e2db31-97b8-464e-ac57-bea919fba24e.jpg"
"474","102","逸彩8500GT-GD3 CF黄金版 128M H14","/Resource/2007/07/04/49e40595-8f5c-4198-ac5a-29a9795f1cf5.jpg"
"463","102","逸彩8500GT-GD3 CF黄金版 256M H14","/Resource/2007/12/28/ed85ee69-6a8a-4dee-9645-2ef062696e62.jpg"
"466","102","逸彩8500GT-GD3 UP烈焰战神 256M H10","/Resource/2007/07/03/7c131f27-3845-41a4-ae69-4253ddff0845.jpg"
"468","102","逸彩8500GT-GD3 CF白金版 256M H12","/Resource/2008/01/03/17c20d46-76eb-46b9-9491-9d4a9ceabbe0.jpg"
"483","102","逸彩8500GT-GD2 冰封骑士-0DB 512M H25","/Resource/2007/07/03/4367404d-bb3c-4647-8fae-c9859d99cf94.jpg"
"454","102","逸彩8500GT-GD3 CF白金版 128M V12","https://images.colorful.cn/2007/06/07/bed253c0-8f4f-4f89-9ee6-c88a6a0e6956.jpg"
"458","102","逸彩8500GT-GD3 CF黄金版 128M F14","https://images.colorful.cn/2007/06/07/37195948-1910-4774-85d3-0c5ec10ca224.jpg"
"467","102","逸彩8500GT-GD2 CF黄金版 512M F25","/Resource/2007/05/29/95e579cb-79d3-4834-8bf9-63431a63a4ec.jpg"
"472","102","逸彩8500GT-GD3 CF黄金版 256M F14","/Resource/2008/02/19/921299f5-80ac-47a3-9a47-43e071b6162f.jpg"
"460","102","逸彩8500GT-GD3 UP烈焰战神 256M V10","/Resource/2007/05/11/807ec8b6-b499-440b-ba53-6008b4e45133.jpg"
"470","102","逸彩8500GT-GD3 CF白金版 256M V12","https://images.colorful.cn/2007/08/07/83bfcfe1-8f25-4816-8b82-4216201d5c4f.jpg"
"480","102","逸彩8500GT-GD3 CF黄金版 256M V14","/Resource/2008/04/23/f354a683-98bf-434b-86cc-7c2bfe08d811.jpg"
"478","102","逸彩8500GT-GD2 CF黄金版 256M F25","/Resource/2007/07/03/4f604351-4010-4d28-a05c-ed2fc2416429.jpg"
"741","102","逸彩8400GS-GD2 CF黄金版 TC512M A25","/Resource/2009/03/25/d494655d-1826-441b-97da-181f4e7841d7.jpg"
"731","102","逸彩8400GS-GD2 CF黄金版 256M C25","/Resource/2009/03/13/051feaa8-6b57-4c2e-bb0e-f659a7e21909.jpg"
"732","102","逸彩8400GS-GD2 CF黄金版 TC512M C25","/Resource/2009/02/26/564eaea1-f0a2-45fe-a1a2-f0a639f9038d.jpg"
"739","102","逸彩8400GS-GD2 CF黄金版 TC256M C28","/Resource/2008/11/21/2419d456-a73d-4d28-82ce-4bfb86fb42d0.jpg"
"734","102","逸彩8400GS-GD2 冰封骑士-0DB 256M M25","/Resource/2008/07/27/0bc4a491-902b-4e1f-872e-3765c69a6585.jpg"
"738","102","逸彩8400GS-GD2 CF黄金版 TC256M V20","/Resource/2008/06/12/747a5748-5e50-4071-8976-43212b6c9429.jpg"
"733","102","逸彩8400GS-GD2 CF黄金版 TC256M M30","/Resource/2008/05/07/edb0d6bc-c3ac-4e18-8223-fecf96f0cdaa.jpg"
"736","102","逸彩8400GS-GD2 CF黄金版 256M V37","/Resource/2008/03/18/99f13553-e627-4647-aad9-34a0897c1a1f.jpg"
"743","102","逸彩8400GS-GD3 CF黄金版 TC256M HXP","/Resource/2008/02/21/629c69c4-ce07-49aa-b828-717f86f7d3dd.jpg"
"735","102","逸彩8400GS mini精致版 TC256M","/Resource/2007/12/25/75ed81a3-7b7e-4668-8633-36e099f46370.jpg"
"744","102","逸彩8400GS-GD2 CF黄金版 TC256M M25","/Resource/2007/12/25/266ef00a-138e-48aa-abab-24307ba37461.jpg"
"746","102","逸彩8400GS mini精致版 256M","/Resource/2007/12/04/29496c09-3a7f-429f-ab63-3cba0c2cd86b.jpg"
"740","102","逸彩8400GS-GD2 CF黄金版 TC256M M28","/Resource/2007/11/29/48065835-4939-43ef-bd3e-2c33efc22e56.jpg"
"745","102","逸彩8400GS-GD2 CF黄金版 256M M25","/Resource/2008/01/23/9776d969-198f-46d4-b105-0a4560e1674d.jpg"
"737","102","逸彩8400GS-GD2 CF黄金版 TC256M X28","/Resource/2007/11/16/72a1f2c3-cd2d-4b32-8836-12bda3758c35.jpg"
"742","102","逸彩8400GS-GD2 冰封骑士-0DB 256M H25","/Resource/2007/09/15/d66f0dc4-645e-4341-b18c-4d5940d4b7cc.jpg"
"950","102","天行7950GX2 CH版 1GB","/Resource/2006/08/12/5bc656c1-fa28-4e57-aa76-f4f64d21564b.jpg"
"800","102","天行7950GT-GD3 冰封骑士5T 512M F14","/Resource/2006/11/18/f59e2161-c996-4ac9-83d6-c29579f7f6f5.jpg"
"896","102","天行7900GTX CH版 512M","/Resource/2006/08/12/b1931423-8041-43a6-afc2-f0b84965094a.jpg"
"897","102","天行7900GTX 液冷超频版 512M ","/Resource/2006/08/12/9bc61b6f-779d-4626-9574-af01be76877d.jpg"
"43","102","天行7900GT CH版 256M","/Resource/2006/08/12/287201cd-89a1-457e-bfe0-fd229d578d16.jpg"
"44","102","天行7900GT CH版 512M","/Resource/2006/08/12/d7e6219e-ade5-4315-87df-d4d2eec7c452.jpg"
"900","102","天行7900GS-GD3 冰封骑士5T 256M V14","/Resource/2006/10/17/f45ce961-11d4-4f97-a489-8ccd948188fc.jpg"
"903","102","天行7900GS-GD3 冰封骑士5T 512M V14","/Resource/2006/10/16/45a871a5-3514-4096-b670-091335aa011d.jpg"
"901","102","天行7900GS-GD3 CH版 512M V14","/Resource/2006/09/12/8ddb0461-f84f-494e-ae29-776fd60bef36.jpg"
"902","102","天行7900GS-GD3 CH版 256M V14","/Resource/2006/09/12/5c739e2a-4e89-4c1d-a958-73129c3ed293.jpg"
"515","102","天行7800GTX CH版 256M ","/Resource/2006/08/12/e1c550dc-f2f4-4b9c-89bc-cd384c813ac8.jpg"
"516","102","天行7800GTX CH版 512M","/Resource/2006/08/12/f4d019a1-5da2-4fca-8e8c-a1f68f2e0130.jpg"
"899","102","天行7800GT CH版 256M","/Resource/2006/08/12/f4a19148-7831-4256-ade1-0aaccee17899.jpg"
"898","102","天行7800GT CH版 512M ","/Resource/2006/08/12/77ec3cee-a2ee-4d57-aa6b-677858bbb733.jpg"
"1108","102","天行7600GT-GD3 UP烈焰战神 256M V11","/Resource/2006/08/23/a4dc9509-4468-45e1-82e1-85df52e3fbab.jpg"
"1107","102","天行7600GT UP烈焰战神2 256M","/Resource/2007/05/29/e22c62b3-ecc0-4281-8a41-b5e3854289e2.jpg"
"1109","102","天行7600GT UP烈焰战神 256M ","/Resource/2006/08/12/8df8ca67-3bae-460b-bc4e-067f2e0bb706.jpg"
"1110","102","天行7600GT CH版 256M","/Resource/2006/08/12/77bdd786-83b1-4763-a035-0cdbbf3f2e28.jpg"
"1317","102","天行7600GS-GD3 CF黄金版 256M V16","/Resource/2007/06/20/6d2dcee7-e5eb-4f82-ab64-44e6e9e6e00c.jpg"
"1323","102","天行7600GS-GD3 CF黄金版 128M F20","/Resource/2007/05/16/349a86e4-1eef-40f3-9ac9-ffcde5a3de30.jpg"
"1328","102","天行7600GS-GD3 CF白金版3 256M V14","/Resource/2007/06/19/c298dcb5-bbef-4eea-bef2-ee6ecf2c2400.jpg"
"1316","102","天行7600GS CF白金版 128M T33","/Resource/2007/04/03/17c9d96b-e073-46ca-8633-69d0d52ff67a.jpg"
"1332","102","天行7600GS CF白金版 128M F28","/Resource/2007/03/26/0e2afa23-8b09-43dd-9515-78c0723eebce.jpg"
"1325","102","天行7600GS-GD3 CF黄金版 256M T20 ","/Resource/2007/03/22/28720c7c-f310-4abc-a8fe-8e51d2b95e0c.jpg"
"1326","102","天行7600GS-GD2 CF白金版 256M F28","/Resource/2007/05/10/bf1dc588-7bdc-4954-9b53-e84bb25a1042.jpg"
"1322","102","天行7600GS-GD3 CF白金版 256M F14","/Resource/2007/02/09/65bbe501-d3cb-4f3d-8f5d-b3e8c2384557.jpg"
"1335","102","天行7600GS-GD3 CF白金版 128M V14","/Resource/2007/01/24/e977c409-dad8-4e8f-bc0d-1e6b6c0e94c5.jpg"
"1319","102","天行7600GS-GD2 CF白金版 256M F25","/uploads/image/2018/05/20180502115655386245.jpg"
"1318","102","天行7600GS-GD2 CF白金版 256M V22","/Resource/2007/01/09/6bae8811-4836-439d-9f29-3155e902fbf4.jpg"
"1321","102","天行7600GS-GD3 CF白金版 256M V14","/Resource/2007/07/25/20e1bfbe-59cf-4657-923c-65ed690459b7.jpg"
"1330","102","天行7600GS-GD3 CF白金版 256M","/Resource/2007/03/13/b958795a-7ad0-4db1-a13e-d60b5c2956ae.jpg"
"1333","102","天行7600GS UP烈焰战神3 128M ","/Resource/2007/03/26/8e593152-b797-43de-ae3e-ae5e4140fc77.jpg"
"1315","102","天行7600GS UP烈焰战神2 256M","/Resource/2006/08/12/fef7b5d5-bade-4982-a66b-b309c824d361.jpg"
"1331","102","天行7600GS-GD3 UP烈焰战神 128M ","/Resource/2006/08/12/ffeaf4d0-5876-48a6-b2a6-9c15830a7f5f.jpg"
"1320","102","天行7600GS-GD2 CF白金版2 256M ","/Resource/2006/08/12/7e057be6-9b99-4a4c-be56-648281d2d5f9.jpg"
"1327","102","天行7600GS-GD2 CF白金版 256M ","/Resource/2006/08/12/66e12c7c-415c-4721-9afe-d67c1fcf2299.jpg"
"1329","102","天行7600GS UP烈焰战神 256M","/Resource/2006/08/12/ed93ebb7-db83-4b84-8cc4-8ca74e4cfd29.jpg"
"1334","102","天行7600GS-GD2 冰封骑士4 256M","/Resource/2006/08/12/18bb746a-55df-4ae5-b160-fb594b9f4cd5.jpg"
"1324","102","天行7600GS UP烈焰战神2 128M","/Resource/2006/08/12/0aeaa619-5cb5-48ad-8ff3-cd34be3484c4.jpg"
"600","102","天行7300GT CF黄金版 256M V50","/Resource/2007/12/17/1cb1203c-336e-4760-8b10-1b906043e123.jpg"
"612","102","天行7300GT CF黄金版 128M V33","/Resource/2007/12/28/9572c208-7722-4b94-a281-ea67832737f1.jpg"
"616","102","天行7300GT-GD2 CF黄金版 256M V28","/Resource/2008/03/04/90cdccf3-6581-40d5-9c39-fbc192be0152.jpg"
"617","102","天行7300GT CF黄金版 128M V50","/Resource/2007/11/01/99b83d4d-9d4b-4eb5-8731-f9c156188955.jpg"
"608","102","天行7300GT-GD3 CF黄金版 256M V20","/Resource/2007/11/12/a55363c3-db45-49fb-86da-277faf63e875.jpg"
"599","102","天行7300GT-GD3 CF黄金版 256M V16","/Resource/2007/07/04/9b0f1c96-94a3-492c-a52c-8f9c283eb6b5.jpg"
"611","102","天行7300GT-GD2 CF黄金版 256M V30","/Resource/2007/07/04/d8e80825-a932-4485-be2d-349b7307985a.jpg"
"626","102","天行7300GT-GD3 CF白金版 256M V14","/Resource/2007/12/28/79f2ea55-56d1-4093-a3f1-404739c8e4f2.jpg"
"604","102","天行7300GT CF白金版 128M V22","https://images.colorful.cn/2007/04/28/319b6671-7752-4f5d-a009-be5eb4392def.jpg"
"618","102","天行7300GT-GD3 CF黄金版 256M T20","/Resource/2008/01/21/77f61f45-69a0-4189-b93c-6982c991d8cc.jpg"
"607","102","天行7300GT CF白金版 128M T36","/Resource/2007/04/18/608d93a3-5208-44fc-93c8-ab59314cc21b.jpg"
"601","102","天行7300GT-GD3 CF黄金版 128M F20","/Resource/2007/07/25/73422b1c-a39c-4c88-a731-8d8139a84c84.jpg"
"622","102","天行7300GT-GD3 CF黄金版 256M F20","/Resource/2007/04/20/88c1ec85-c906-4847-aaf9-a13b34869822.jpg"
"603","102","天行7300GT-GD3 CT版 256M F14","/Resource/2007/02/09/59f399fc-4c04-4c06-94c2-01709a86cec1.jpg"
"619","102","天行7300GT CF白金版 128M F28","/Resource/2007/01/15/43e9b545-a565-4669-9786-07987b4de781.jpg"
"606","102","天行7300GT-GD3 CF白金版 128M V14","/Resource/2008/01/15/762b8971-9a63-43ba-8a75-a278e7cd634b.jpg"
"602","102","天行7300GT CF白金版 128M F33","/Resource/2007/03/13/b7a9eba2-9d53-4855-8e07-7669f706f92e.jpg"
"629","102","天行7300GT CF黄金版 128M F40","/Resource/2006/12/26/4ffddffe-6fb3-4ddf-b507-3df015ffcf24.jpg"
"614","102","天行7300GT-GD3 CF白金版 256M V12","https://images.colorful.cn/2007/04/28/1a67cbe5-5ff6-41c2-bbaa-dc285887b1f5.jpg"
"624","102","天行7300GT-GD3 CF白金版 128M V12","/Resource/2006/10/20/91708f01-27b1-4b6e-84d3-e324706b79a1.jpg"
"620","102","天行7300GT CF黄金版 256M F50","/Resource/2006/09/23/d4427cff-9cca-4291-84ca-f0c3fc9953c5.jpg"
"632","102","天行7300GT CF黄金版 128M F50","/Resource/2007/03/14/f37e6831-585e-4595-ad4c-27ab4ee37707.jpg"
"625","102","天行7300GT-GD2 CF黄金版 256M F30","/Resource/2006/10/17/378f19d6-1883-4805-b05f-57abd2588fed.jpg"
"609","102","天行7300GT-GD3 CF白金版 128M F20","/Resource/2006/09/07/c77340ae-3130-499d-800c-ee48fe9a10fa.jpg"
"605","102","天行7300GT-GD2 CF白金版 256M F28","/Resource/2007/05/12/6c4956c6-1403-4766-a4d2-c4e1cff72ffd.jpg"
"630","102","天行7300GT-GD3 UP烈焰战神 256M V11","/Resource/2006/08/23/6410e7cb-e1db-424e-9783-d8a98142cba4.jpg"
"610","102","天行7300GT-GD3 CT版 256M V12","/Resource/2006/08/22/7d4e9651-2824-4bbf-a2e9-bb5eedd3ea59.jpg"
"631","102","天行7300GT UP烈焰战神4 128M","/Resource/2007/07/25/c00d6b87-2a60-4a8e-b313-d8807684f915.jpg"
"627","102","天行7300GT UP烈焰战神3 128M ","/Resource/2006/08/12/4068fed8-f347-4a3b-9deb-9d295fc7d998.jpg"
"623","102","天行7300GT-GD2 CF白金版3 256M","/Resource/2006/08/12/527b0d1c-a33b-4619-aaf1-f6760053809a.jpg"
"613","102","天行7300GT UP烈焰战神2 128M","/Resource/2006/08/12/d4319d6c-e739-4e9e-8f14-86d23d26681b.jpg"
"628","102","天行7300GT-GD2 CF白金版2 256M","/Resource/2007/05/12/bdb41d6f-b5cb-4678-9a0c-a1dac9be8ae2.jpg"
"615","102","天行7300GT-GD2 CF白金版 256M","/uploads/image/2018/05/20180502115521786265.jpg"
"621","102","天行7300GT UP烈焰战神 128M ","/Resource/2006/08/12/5c0b77c9-f460-4500-b996-3a7976192757.jpg"
"797","102","天行7300GS-GD3 CT冰封骑士4 128M","/Resource/2006/11/03/09777a0f-f903-4779-8fd4-cafe1916b51e.jpg"
"794","102","天行7300GS-GD2 CT冰封骑士4 256M","/Resource/2006/08/12/624a6468-75c3-48e0-95d1-54a882e59d07.jpg"
"793","102","天行7300GS-GD3 超频利器 128M","/uploads/image/2018/05/20180502115421008386.jpg"
"796","102","天行7300GS-GD2 CF黄金版2 256M","/Resource/2006/08/12/350b1249-36e9-4f24-a9f6-d702c872a5a4.jpg"
"795","102","天行7300GS-GD2 超频利器 256M","/Resource/2006/11/03/0deae19b-c1b9-42b1-902f-5344e1c5eb8e.jpg"
"799","102","天行7300GS-GD2 冰封骑士4 128M ","/Resource/2006/11/06/a8dc6662-0b82-4cbe-972f-3f5afdc8066c.jpg"
"798","102","天行7300GS-GD2 CF白金版 128M","/Resource/2006/08/12/18e865d4-7d27-402e-aa18-3053bdb84fa8.jpg"
"1207","102","天行7300LE-GD2 冰封骑士4 TC256M Z30","/Resource/2007/12/25/e0f387f7-b9cf-4c51-a817-64a7c1dfa4af.jpg"
"1194","102","天行7300LE-GD2 CF黄金版 TC256M V30","/Resource/2007/11/06/5a5af1a2-c21e-4361-bf31-359a0efac54b.jpg"
"1208","102","天行7300LE-GD2 CF黄金版 TC256M X28","/Resource/2007/10/30/0db3fb25-86de-4b5b-a1bb-0db6c91c933b.jpg"
"1199","102","天行7300LE-GD2 CF黄金版 TC256M X30","/Resource/2007/10/10/6ea05d26-a822-41de-a6dd-d9cd2f4e8b0f.jpg"
"1205","102","天行7300LE-GD2 冰封骑士4 TC256M V30","/Resource/2007/07/18/2c0846c0-a384-4f9f-a8be-c59b8068d626.jpg"
"1192","102","天行7300LE-GD2 CF白金版 TC256M F28","/Resource/2007/07/04/328317e2-ae63-44a7-8ac7-739fe65dfc21.jpg"
"1198","102","天行7300LE-GD2 CF黄金版 TC256M F37","/Resource/2007/07/18/c4d566c8-9510-4689-9702-b0d41f610a30.jpg"
"1200","102","天行7300LE-GD2 CF黄金版 256M F30","https://images.colorful.cn/2007/06/04/2258be90-630a-418e-9a42-04417c8c979d.jpg"
"1211","102","天行7300LE-GD2 CF黄金版 TC256M F30 ","https://images.colorful.cn/2007/08/03/de1e1fb6-e8cd-433f-bb0b-d048da4475ba.jpg"
"1197","102","天行7300LE-GD2 CF白金版2 TC256M F28","/Resource/2007/05/29/4152d7ee-a141-4a2d-b29b-a8e4aa322b6c.jpg"
"1193","102","天行7300LE-GD3 超频利器 TC256M F20","/Resource/2007/03/13/466aed35-9e0e-4b93-8f68-cc57685150bd.jpg"
"1210","102","天行7300LE-GD2 CT冰封骑士4 256M V28","/Resource/2006/12/21/bcd74ff0-a97e-4878-a304-2752c85f1a53.jpg"
"1209","102","天行7300LE-GD2 CF黄金版 128M F37","/Resource/2006/11/24/690bd9e9-7edb-41db-b113-431af73b9be5.jpg"
"1201","102","天行7300LE-GD2 CF白金版 128M F28","/Resource/2006/11/22/a5b08fae-a93c-44e3-9f01-243b1f04403f.jpg"
"1196","102","天行7300LE-GD2 CT冰封骑士4 256M T30","/Resource/2006/09/23/e75bd230-60fb-4fba-af24-7991b7c471c7.jpg"
"1204","102","天行7300LE-GD2 CT冰封骑士4 256M V25","/Resource/2006/09/22/bf70607e-05a6-4bdc-b7f4-02be954a1896.jpg"
"1203","102","天行7300LE-GD2 冰封骑士4-0dB 256M V25","/Resource/2006/08/22/ec86bfd1-a99f-48d2-8366-faa6ad35e7b6.jpg"
"1195","102","天行7300LE-GD2 CT冰封骑士4 256M ","/Resource/2006/08/12/3a60af42-88fd-48fe-8b0f-c127407598ce.jpg"
"1202","102","天行7300LE-GD3 超频利器 128M","/Resource/2006/08/12/a4e86144-77cb-44a8-9b00-99abc9dbfc46.jpg"
"1206","102","天行7300LE-GD2 CF白金版 128M","/Resource/2006/09/23/e27f3229-8c4a-4c24-a135-e48ede8edcd8.jpg"
"728","102","天行7100GS-GD2 CF黄金版2 TC256M V37","/Resource/2007/03/26/53592589-9e5a-4e0b-af70-783c03c7d998.jpg"
"724","102","天行7100GS-GD2 CF黄金版 TC256M V37","/Resource/2007/03/26/274b410c-4a88-473d-9e4f-128ba8ab96cf.jpg"
"725","102","天行7100GS-GD2 冰封骑士4-0DB 256M F28","/Resource/2006/12/22/98d57f2c-0418-4846-9c07-465dcdba3f21.jpg"
"726","102","天行7100GS-GD2 冰封骑士4 256M F28","/Resource/2006/12/21/0e087c60-3c38-42dc-b1d4-730dcc703078.jpg"
"727","102","天行7100GS-GD2 CF白金版 128M F28","/Resource/2006/12/07/00d02149-f98d-45db-a00b-f86cfd1ccb43.jpg"
"729","102","天行7100GS-GD2 CT冰封骑士4 256M T30","/Resource/2006/10/10/7221f546-0b86-4da3-aa51-665b6f202643.jpg"
"730","102","天行7100GS-GD3 超频利器 128M V20","/Resource/2006/09/12/db9c58e9-450f-4edc-b9cb-fab94f1bc04a.jpg"
"1288","102","天行6800GS UP烈焰战神 512M ","/Resource/2006/08/12/7267af6d-cdb6-46ff-b513-5d125c0d4875.jpg"
"1291","102","天行6800GS UP烈焰战神 256M ","/Resource/2006/08/12/994c1ac5-5506-44f0-a5a5-a33c477e5988.jpg"
"1289","102","天行6800GS CH版 256M ","/Resource/2006/08/12/ecd07fc7-8386-49df-a654-b7db7936365f.jpg"
"1290","102","天行6800GS CH版 128M ","/Resource/2006/08/12/94a02a16-fe38-4e37-b3a1-b9256614cc99.jpg"
"448","102","天行6600GT CH版2 128M ","/Resource/2006/08/12/a8e57e9c-95bc-4fb8-a254-12da0fa21020.jpg"
"450","102","天行6600GT UP 烈焰战神 128M","/Resource/2006/08/12/31788032-5cca-480d-950d-b4730a114b85.jpg"
"449","102","天行6600GT VIVO影音版 128M","/Resource/2006/08/12/4d49c058-27f7-4d76-9b1a-9a793436da27.jpg"
"445","102","天行6600GT CT超频版 128M","/Resource/2006/08/12/401b3bf1-7d20-4cfa-a8b9-1b3456222553.jpg"
"446","102","天行6600GT HQ圣光使者 128M","/Resource/2006/08/12/2f6851ff-3232-4938-9950-f07d1a8e5b81.jpg"
"447","102","天行6600GT CH版 128M","/Resource/2006/08/12/895d22a0-ea71-4525-9db1-c14b62860d7b.jpg"
"1153","102","天行6600-GD2 CF白金版 256M ","/Resource/2006/08/12/7d3be565-49a2-4eb1-a8c2-fe220d09bda7.jpg"
"1149","102","天行6600-GD3 CT超频版2 128M ","/Resource/2006/08/12/df642fbb-67d4-433b-92de-80992394138e.jpg"
"1152","102","天行6600-GD2 冰封骑士4 512M","/Resource/2006/08/12/351393d1-b65d-42ea-b608-573509dd5882.jpg"
"1148","102","天行6600-GD3 CT超频版 128M","/Resource/2006/08/12/68a628a4-fb92-4213-802d-08a8f03ed2e0.jpg"
"1157","102","天行6600-GD2 CH白金版 512M","/Resource/2006/08/12/d8e65721-f7a8-4854-a9e6-8cc42725ecc8.jpg"
"1150","102","天行6600-GD2 CT超频版2 256M ","/Resource/2006/08/12/79da5b93-7c9f-4834-9bc5-87ec9f94f946.jpg"
"1162","102","天行6600-GD2 CT超频版 256M ","/Resource/2006/08/12/ffcf8b2a-8def-4cf9-8fcb-a5ea7dde871f.jpg"
"1159","102","天行6600 CF黄金版 128M","/Resource/2006/11/04/88da40c8-cccf-4bf9-8d11-bfc444ae8828.jpg"
"1144","102","天行6600 CH黄金版 256M","/Resource/2006/08/12/53da46ad-d407-4ccf-afa5-dabf49cfc224.jpg"
"1145","102","天行6600 UP烈焰战神 128M","/Resource/2006/11/04/5c7b8926-883e-4903-9c33-a772bbefa401.jpg"
"1161","102","天行6600 HQ圣光使者 128M","/Resource/2006/11/04/4ae3b290-c226-4546-8f2e-64d1af2264cf.jpg"
"1147","102","天行6600-GD3 UP版 128M","/Resource/2006/08/12/58e11a4d-c519-4929-a7ca-cd932501c253.jpg"
"1158","102","天行6600-GD3 CT版 128M","/Resource/2006/08/12/ea60cd50-a7bc-4cd8-a48d-a73919d2e76c.jpg"
"1151","102","天行6600-GD2 CT版 256M","/Resource/2006/08/12/a739df83-17d0-42b8-b6b2-f24b4e88891d.jpg"
"1154","102","天行6600 CH版2 256M","/Resource/2006/08/12/dcbad977-40ae-4cde-843e-2252b0b8f962.jpg"
"1163","102","天行6600 SP极电勇士 128M","/Resource/2006/08/12/43b4e7be-c48e-4030-8920-bd19349c98f4.jpg"
"1155","102","天行6600 CF白金版2 128M","/Resource/2006/08/12/f8f61214-af93-4f8e-8e0b-8465ca2d17e0.jpg"
"1146","102","天行6600 CH版 256M","/Resource/2006/08/12/6212e602-7eb4-4b38-b0fc-33500339fe15.jpg"
"1156","102","天行6600 CH白金版 256M","/Resource/2006/08/12/dcbad977-40ae-4cde-843e-2252b0b8f962.jpg"
"1160","102","天行6600 CF白金版 128M","/Resource/2006/08/12/1199d36c-af47-4c0e-87fc-e553e4745834.jpg"
"1102","102","天行6600LE CF黄金版 128M F50","/Resource/2006/09/23/9cc07d4b-f4d5-49c3-80d5-5576f68db57d.jpg"
"1100","102","天行6600LE-GD3 CT版2 128M","/Resource/2006/08/12/d8b7a91d-0d5d-4cc6-b57a-4c04ff74cb6b.jpg"
"1104","102","天行6600LE CF白金版 128M","/Resource/2006/08/12/b29541cb-d716-458e-a368-4e4ab9805522.jpg"
"1103","102","天行6600LE-GD3 CT版 128M ","/Resource/2006/08/12/98615473-06bf-4151-8153-e1a062bf6fd8.jpg"
"1099","102","天行6600LE CF黄金版 128M","/Resource/2006/08/12/5b771ded-d11e-40b3-8dcd-62744268de6f.jpg"
"1101","102","天行6600LE CH黄金版 256M","/Resource/2006/08/12/f96996c1-a1eb-4763-ba56-2a0b6dc16e2b.jpg"
"1105","102","天行6600LE-GD3 UP版 128M","/Resource/2006/11/04/d6917dc4-a7b7-4911-b921-daf9a15ef3e0.jpg"
"45","102","天行6600VE-GD3 CT版3 128M","/Resource/2006/08/12/91c56762-9cd9-4b3a-9dfe-8ec586dd6b83.jpg"
"46","102","天行6600VE-GD3 CT版2 128M ","/Resource/2006/08/12/e7335f23-a773-4d7c-985a-69a97b2954fb.jpg"
"48","102","天行6600VE CF白金版 128M","/Resource/2006/08/12/03e1b6cd-7ee8-4d6e-8786-c5b5779c1c29.jpg"
"47","102","天行6600VE CH黄金版 256M ","/Resource/2006/08/12/3e649d1f-2521-4694-a231-9133b6dc7b69.jpg"
"805","102","天行6500-GD2 冰封骑士4 256M","/Resource/2006/11/06/0fe4f786-5127-4752-9d66-efe4a107bab9.jpg"
"808","102","天行6500-GD2 超频利器 256M","/Resource/2006/08/12/3e2174d8-0337-4fe6-972f-4ef772a2e884.jpg"
"804","102","天行6500-GD2 冰封骑士4 128M ","/Resource/2006/11/06/5304cb45-a4d9-45bb-bf3f-5c89001a2e8a.jpg"
"807","102","天行6500-GD2 超频利器2 128M","/Resource/2006/11/06/9a40e8b3-c5b8-49d6-97d3-48275f7538e3.jpg"
"803","102","天行6500 CV版 128M","/Resource/2006/08/12/8dc536f2-eecc-4841-bf71-50673615c29e.jpg"
"806","102","天行6500-GD2 超频利器 128M ","/Resource/2006/08/12/65e0cc07-11d5-4466-b3a5-e2efa8942fe9.jpg"
"831","102","天行6200LE 网吧快车PCI-E版 128M","/Resource/2006/08/12/68484d49-8f9b-44df-a681-05996f242742.jpg"
"830","102","天行6200LE 网吧快车PCI-E版2 64M","/Resource/2006/08/12/74a6cc71-edd8-4904-bf0c-a81c32892810.jpg"
"1119","102","天行6200TC-GD2 网吧快车PCI-E版 128M F37","/Resource/2006/08/30/027bc0d4-4a68-4071-962d-bd72d49772ff.jpg"
"1118","102","天行6200TC 网吧快车PCI-E版2 128M ","/Resource/2006/11/07/57331db7-71ce-403e-bc52-ef940d7557b8.jpg"
"1113","102","天行6200TC 网吧快车PCI-E版3 128M ","/Resource/2006/08/12/9337dbb4-bbbe-4176-a436-64207698f539.jpg"
"1111","102","天行6200TC 网吧快车 PCI-E版 128M ","/Resource/2006/08/12/e9f93ea1-afeb-4585-bfb4-f0a58391fb72.jpg"
"1117","102","天行6200TC 网吧快车PCI-E版 64M ","/Resource/2006/08/12/6096063c-dcc5-47a6-8b59-89b5ebf5a9c7.jpg"
"1121","102","天行6200TC-GD2 超频利器2 128M","/Resource/2006/08/12/4dd04d67-6e47-4d52-a3f8-d2560550e119.jpg"
"1120","102","天行6200TC-GD2 超频利器 128M","/Resource/2006/08/12/bbd938ed-ab46-43dc-8a31-dcdec8d9ff61.jpg"
"1116","102","天行6200TC-GD2 CT超频利器 128M","/Resource/2006/08/12/a13f62bd-13a8-4a05-9544-73e2853fa0c0.jpg"
"1112","102","天行6200TC CV版2 128M","/Resource/2006/11/06/c156024e-7e71-4092-962e-95bd7ee512e7.jpg"
"1114","102","天行6200TC CV版 128M","/Resource/2006/08/12/2d9472f2-e70d-44bc-85ca-e31e56100220.jpg"
"1115","102","天行6200TC CV版 64MB","/Resource/2006/08/12/bdbf9a40-7907-409a-a56b-7e7175137831.jpg"
"1386","102","天行6800LE CH版 128M","/Resource/2006/11/04/236772c2-fecf-4501-b1eb-56df6d01a752.jpg"
"1385","102","天行6800 CH版 128M ","/Resource/2006/11/03/89185276-7fb4-408b-87cc-2f198a22d929.jpg"
"1388","102","天行6600-8X CF白金版 128M ","/Resource/2006/08/12/1203bc74-dc83-48d1-9c48-66e926b697ef.jpg"
"1389","102","天行6600-8X CH白金版 256M","/Resource/2006/08/12/25a9a19b-11c5-4279-bead-ddd8c3dbacd7.jpg"
"1387","102","天行6600LE-8X CF白金版 128M ","/Resource/2006/08/12/c549a143-017d-4667-a3d8-03801943f85d.jpg"
"1410","102","天行6200ALE-GD2 网吧快车128M V25","/Resource/2007/03/01/8955cb42-7c48-400d-95d3-ab7dfe4dd37b.jpg"
"1431","102","天行6200-8X CT版 128M","/Resource/2006/08/12/c8dc718f-386e-4c59-8a7f-d20b88e2fb38.jpg"
"1429","102","天行6200-8X CF白金版2 128M","/Resource/2006/08/12/8b669821-26e6-4b69-ba30-7a515dd55234.jpg"
"1428","102","天行6200-8X CF白金版 128M","/Resource/2006/08/12/88c5480b-ab58-4650-be6a-54b6e304dd48.jpg"
"1430","102","天行6200-8X CF黄金版 128M","/Resource/2006/08/12/dc42fff1-b496-4940-8558-2f7ea4ee5f67.jpg"
"1412","102","天行6200A-GD2 网吧快车AGP版 128M V30","/Resource/2006/10/12/6d1755e2-98b9-4dd6-9acc-0cf7178b305a.jpg"
"1414","102","天行6200A-GD2 超频利器2 256M ","/Resource/2006/08/12/5e56f381-687e-4782-b210-e1287c067ec4.jpg"
"1427","102","天行6200A-GD2 CT冰封骑士4 256M","/Resource/2006/08/12/66365b94-dcc1-4d10-b7b1-ea2030bc8992.jpg"
"1415","102","天行6200A-GD2 超频利器 256M ","/Resource/2006/08/12/dd16bdd2-14a0-4567-9ad9-f5007b2c5207.jpg"
"1420","102","天行6200A-GD2 超频利器4 128M","/Resource/2006/08/12/68b89ec7-f2bf-4b47-bdca-a5f94b487750.jpg"
"1421","102","天行6200A-GD2 超频利器3 128M","/Resource/2006/08/12/a068e857-c0b1-4586-abf0-ec7f49ae7d38.jpg"
"1426","102","天行6200A-GD2 超频利器2 128M ","/Resource/2006/08/12/3fd2ba27-8316-4890-96b5-eef2325d9268.jpg"
"1418","102","天行6200A-GD2 超频利器 128M","/Resource/2006/08/12/d0a85415-6023-48aa-902b-09e1b07ed335.jpg"
"1417","102","天行6200A-GD2 CV版2 128M","/Resource/2006/08/12/9450249e-b619-4cef-9058-107e23a32933.jpg"
"1424","102","天行6200A-GD2 CV版 128M","/Resource/2006/08/12/4d7f8f21-43d9-4014-8698-a370e41c0532.jpg"
"1422","102","天行6200A CV版2 128M","/Resource/2006/08/12/2b2b69da-7d8c-4c48-ab0e-9c32e205d768.jpg"
"1425","102","天行6200A 网吧快车AGP版2 128M ","/Resource/2006/08/12/2bb20807-c577-4d96-817d-938c53b33a48.jpg"
"1423","102","天行6200A CV版128M","/Resource/2006/08/12/cacbc5d2-5a2d-4bb8-9f31-2f585218446a.jpg"
"1416","102","天行6200A CL版128M ","/Resource/2006/08/12/970d3939-b7d4-4b28-8c6d-67a26aedbd9f.jpg"
"1413","102","天行6200A 冰封骑士 128M","/Resource/2006/08/12/81d9a97e-ce97-47fb-be20-cac321ae4461.jpg"
"1411","102","天行6200A 网吧快车AGP版 128M ","/Resource/2006/08/12/8e4d17f5-ee60-4b68-8bd6-ed85cdc9267c.jpg"
"1419","102","天行6200A-GD2 CT超频利器 128M ","/Resource/2006/08/12/247a7ae9-4974-449b-a7d8-f1af84d66f92.jpg"
"1409","102","风行5950Ultra CH版 256M","/Resource/2006/08/24/92d76d3f-f63c-4614-b792-efcab2a5c384.jpg"
"1358","102","风行5900Ultra CH版 128M","/Resource/2006/08/24/7afa5c39-03fc-4fe0-ac12-4a253b0e3e20.jpg"
"1359","102","风行5900 合金版 128M","/Resource/2006/08/24/d50e398c-9528-4b6a-96d4-efb30532bd28.jpg"
"1357","102","风行5900ZT CH版 128M","/Resource/2006/08/24/4dd0046b-6c88-48be-b73f-9df9ee92a1d3.jpg"
"1355","102","风行5900XT CH版 128M","/Resource/2006/08/24/20a023ae-702c-4dcf-a1db-24cc7c34f7e6.jpg"
"1356","102","风行5900XT CH合金版128M","/Resource/2006/08/24/9d13dd21-1b1d-41af-97c7-40403699c431.jpg"
"1381","102","风行5800 CH版 128M","/Resource/2006/08/24/7eedf0fe-58e0-4ae0-aa82-faead56681fd.jpg"
"1396","102","风行5700Ultra CH豪华版 ","/Resource/2006/08/24/d4fe0416-c527-4f4d-889a-b0147f536289.jpg"
"1397","102","风行5700Ultra CH版 128M","/Resource/2006/08/24/e6ed40bf-3979-4766-9a89-8973405f7c0a.jpg"
"1395","102","风行5700Ultra CF白金版 128M","/Resource/2006/08/24/877a3f47-3798-4a65-95aa-3ca526fcf7a7.jpg"
"1399","102","风行5700 mBGA CF白金版","/Resource/2006/08/24/b778ff86-cc9b-43d8-bdee-7fffe5dfcf0d.jpg"
"1400","102","风行5700 CH版 256M","/Resource/2006/11/06/0912b32e-0005-4642-833d-2dd05e3541ec.jpg"
"1398","102","风行5700 CF白金版 128M","/Resource/2006/08/24/11b518f5-c82f-4fa2-ab77-870b58091f47.jpg"
"1404","102","风行5700LE冰封骑士3","/Resource/2006/08/24/a0535a98-2307-43f1-9b07-2951385cfc80.jpg"
"1402","102","风行5700LE CT冰封骑士 ","/Resource/2006/08/24/70b9588c-3605-4541-a3d7-eaa31bce6171.jpg"
"1401","102","风行5700LE CT旗舰版 128M","/Resource/2006/08/24/babc7a4c-95ec-425e-a592-94fb0d3de046.jpg"
"1408","102","风行5700LE CH版 256MB","/Resource/2006/08/24/880ac1ce-aa75-4f4f-acca-32d5121a832a.jpg"
"1406","102","风行5700LE CF白金版 128M","/Resource/2006/08/24/8fb4d178-0ea6-4d90-9552-04b241fbef09.jpg"
"1407","102","风行5700LE CV版 128M ","/Resource/2006/08/24/21c7462f-b269-4d84-9919-7b4ff3326da9.jpg"
"1403","102","风行5700LE CF黄金版128MB","/Resource/2006/08/24/3e15b1cd-ae39-4dcb-bc6c-aff7f3287d17.jpg"
"1405","102","风行5700LE冰封骑士 战神版","/Resource/2006/08/24/48abbc76-4a30-46eb-a7e2-5293450e6173.jpg"
"1392","102","风行5700V CF黄金版 128M","/Resource/2006/08/24/0d612cf0-4216-4cdb-9799-faa243ea08c3.jpg"
"1393","102","风行5700V CF白金版 128M","/Resource/2006/08/24/06cf7281-0a28-42fb-bf11-27c2dc134bb5.jpg"
"1391","102","风行5700V CF冰封骑士3","/Resource/2006/08/24/c01b618c-7b08-49a2-a0ef-fde9849e6d66.jpg"
"1394","102","风行5700V CF超频版 128M ","/Resource/2006/08/24/282bfe68-183e-4e65-be6f-7755002f74d1.jpg"
"1349","102","风行5600Ultra 升级版 128M","/Resource/2006/08/24/67d67052-5278-46e3-8376-d466194706ee.jpg"
"1347","102","风行5600Ultra 合金版 128M","/Resource/2006/08/24/640967d0-8e85-45ba-b3d2-dd696207bf24.jpg"
"1350","102","风行5600Ultra CH版 128M","/Resource/2006/08/24/532c7b02-a5de-412b-9823-a02e0ad1a0d7.jpg"
"1348","102","风行5600Ultra CF版 128M","/Resource/2006/08/12/c0cbb93a-5614-4e52-84c8-fb1b83bafb43.jpg"
"1351","102","风行5600 VIVO豪华版","/Resource/2006/08/12/5057d2ce-5f9c-4159-8dfc-36fcd6302734.jpg"
"1352","102","风行5600 CT旗舰版 128M","/Resource/2006/08/12/7cdb3195-4a1b-421e-999c-67ebb3cc552c.jpg"
"1354","102","风行5600 CF黄金版 128M","/Resource/2006/08/12/75e040b8-7ca2-4a1b-85f6-e215f6554ebd.jpg"
"1353","102","风行5600 CF白金版 128M ","/Resource/2006/08/12/aa685be7-386a-4f47-8ec2-6e0c6025cf11.jpg"
"1345","102","风行5600XT CV版 128M","/Resource/2006/08/24/30919981-628d-423e-9bf6-cccf45a25045.jpg"
"1344","102","风行5600XT CF白金版 128M","/Resource/2006/08/24/ffe65a8b-df7b-4447-9c3e-c71134d8e9e7.jpg"
"1346","102","风行5600XT CH版 256M","/Resource/2006/08/24/cd45cb7d-812a-4586-86dc-d406cb6750cb.jpg"
"1343","102","风行5600XP 蓝宝石版 128M","/Resource/2006/08/24/ceaebbc9-7744-4782-83eb-9bf5421e21f6.jpg"
"1384","102","风行5500 CT旗舰版 128M","/Resource/2006/08/12/6f9cb7e9-9c73-43b4-a110-dbcee7fc14ce.jpg"
"1382","102","风行5500 CF白金版 128M","/Resource/2006/08/12/cff66995-df6b-464c-8935-1e8a0671a08f.jpg"
"1383","102","风行5500 CF黄金版 64M","/Resource/2006/08/12/6211455f-622a-4963-9509-cae63a559c79.jpg"
"1375","102","风行5200 CF黄金版 128M V50","/Resource/2007/11/16/d200c7a0-cb57-44a3-a26c-81e7c12218f0.jpg"
"1374","102","风行5200 CF白金版 128M V33","/Resource/2007/01/31/67c4a369-407c-44fd-8496-5cbb2badfc31.jpg"
"1366","102","风行5200 CF白金版 128M V28","/Resource/2006/11/18/3adef9e1-3e3b-471e-944d-efebc16e48b0.jpg"
"1379","102","风行5200 CF白金版 64MB ","/Resource/2006/08/12/02d4b23b-e0c9-413a-b6b7-e92692693d11.jpg"
"1371","102","风行5200 CF黄金版 256M","/Resource/2006/11/06/c83e3a9a-61e5-4156-b31e-274633d76c86.jpg"
"1365","102","风行5200 CH黄金版 256M ","/Resource/2006/08/12/de23425f-24f8-4f18-aa76-53f3b0c5bff2.jpg"
"1370","102","风行5200 CF黄金版 128M","/Resource/2007/01/26/dfcb1723-c3b9-42c7-a9b0-307350136e4f.jpg"
"1377","102","风行FX5200 CF增强版 128M","/Resource/2006/10/26/f600b9c2-0c49-4b3a-8e02-f70bfb672227.jpg"
"1368","102","风行5200 CF增强版 64MB","/Resource/2006/08/12/d6507342-6cc7-484f-b5f1-a086d148a00a.jpg"
"1369","102","风行FX5200 CV增强版 128MB ","/Resource/2006/08/24/d6ff9fd4-dbb0-43ae-b6b1-b5495c1c9469.jpg"
"1378","102","风行5200 CT冰封骑士64MB ","/Resource/2006/08/12/103ee7c2-0b93-4923-bb56-9450d1afd893.jpg"
"1380","102","风行5200 CF白金版128M","/Resource/2006/08/12/9100d343-f67d-4673-af60-eb1da0d54303.jpg"
"1372","102","风行5200 CF白金版2代 128M ","/Resource/2006/08/12/be7587fc-318a-4214-8f15-584a232ecc32.jpg"
"1376","102","风行5200 CV版 128M","/Resource/2006/08/12/9267add4-c90d-4c37-ac6e-aeb0a488dba5.jpg"
"1367","102","风行5200 CV超值版","/Resource/2006/08/12/dcc6a0e8-235c-48ef-a81a-ae48d4e30a0d.jpg"
"1373","102","风行5200 CV版 64M","/Resource/2006/08/12/1d1cbaee-225a-4c73-891c-25b00ee65140.jpg"
"1363","102","风行5200Ultra CH版 128M","/Resource/2006/08/12/1315754b-593e-450d-87e2-0361f94e1c89.jpg"
"1362","102","风行5200Ultra CF版 128M","/Resource/2006/08/12/3a23bbb7-881a-438e-9f50-5e0933eae127.jpg"
"1364","102","风行5200Ultra CV版 128M","/Resource/2006/08/12/8615e87a-9938-494d-b11b-c85a804ad30e.jpg"
"1361","102"," 风行5200ULTRA CF版 64M ","/Resource/2006/08/12/6b2e866a-c064-480a-a3ab-05c35fa4e860.jpg"
"1342","102","烈火4800SE CH版 128M","/Resource/2006/08/12/7dfa76cb-3ee7-4d78-8e5d-6605c43b0936.jpg"
"1390","102","烈火4600 CH版 128M ","/Resource/2006/11/06/596ea964-17a2-498b-b676-fecc8a1f3f05.jpg"
"1341","102","烈火4200 CV版 64M","/Resource/2006/08/12/88003a93-31bd-4f86-a0ad-4310b2ae9d23.jpg"
"1340","102","烈火4200 CL版 64M","/Resource/2006/08/24/adca9477-2f84-4927-821e-47d8aa7ee860.jpg"
"1339","102","烈火4200 CF版 128M","/Resource/2006/08/24/0a3c67b3-be04-4059-8d95-88b4e48547dc.jpg"
"1336","102","烈火4200-8X CL版 128M","/Resource/2006/08/24/b0a01710-6e54-4e92-b104-f7b978d11c93.jpg"
"1338","102","烈火4200-8X CV版 64M","/Resource/2006/08/24/9a9a62f4-31a5-44a4-bd45-daaa0dde6cbc.jpg"
"1337","102","烈火4200-8X CF版 128M","/Resource/2006/08/24/c555e521-67dd-4569-92e3-44c5538effd6.jpg"
"1436","102","烈火4000 CV版128M","/Resource/2006/08/28/e9f7af72-9ec2-49d6-9fa9-4c9ead1614e5.jpg"
"1433","102","烈火4000 CL版 128M ","/Resource/2006/08/12/b426e8bf-f2a5-46a3-8e98-0263e03eb336.jpg"
"1435","102","烈火4000 CL版 64M","/Resource/2006/08/24/69bf330b-a467-40ad-9620-f20413591263.jpg"
"1432","102","烈火4000 CF白金版","/Resource/2006/08/24/886d75e5-57dc-432b-8961-5035f5a93583.jpg"
"1434","102","烈火4000 CV版 64M","/Resource/2006/08/24/fdd27e7d-1a9c-4e8d-a0e9-5e3087f611ce.jpg"
"1447","102","烈火440SE 超频版 64M","/Resource/2006/08/24/cdd51b45-3752-4e05-b81d-9efd9cd1ec01.jpg"
"1452","102","烈火440SE CF白金版 ","/Resource/2006/08/24/5ee63714-3d70-4547-965b-57dc2bd85e83.jpg"
"1449","102","烈火440SE CV版 DDR ","/Resource/2006/08/24/d24d1fe2-f96f-4334-bbe5-ad68a570bf58.jpg"
"1450","102","烈火440SE CV版 SDR","/Resource/2006/08/24/c82c06dc-9913-46ed-b6cf-e09bf50087b5.jpg"
"1453","102","烈火440SE超频利器3代 ","/Resource/2006/08/24/788bf86b-ecd3-4e9c-8220-a7bf8af8f3e5.jpg"
"1448","102","烈火440SE CT版 64M","/Resource/2006/08/24/8918312e-46ff-405e-b1ad-2296736ced3d.jpg"
"1451","102","烈火440超频利器2代","/Resource/2006/08/24/48295ad0-5f2c-4672-a8a7-f71f1bd2c41e.jpg"
"1439","102","烈火440-8X CF黄金版2代 64M ","/Resource/2006/08/12/13c9fdc7-cd43-45cd-aade-471c14a6c9b7.jpg"
"1438","102","烈火440-8X CF黄金版 64M","/Resource/2006/08/24/1071f382-ecbb-4aba-955c-a19e712cfdf0.jpg"
"1437","102","烈火440-8X CF白金版 64M","/Resource/2006/08/24/3e970dc7-ea06-404f-98d6-cf28c304fbab.jpg"
"1445","102","烈火440-8X CF白金版2代","/Resource/2006/08/24/67e1998d-0d7e-49ba-ade4-399992fdec6c.jpg"
"1443","102","烈火440-8X 超频版 64M","/Resource/2006/08/24/289efd01-fa94-4068-ab3b-2d7fe440d2a0.jpg"
"1440","102","烈火440-8X CH版 128M","/Resource/2006/08/24/933eb9e5-5ada-4c81-a6d4-49f095cd2670.jpg"
"1442","102","烈火440-8X CV版 128M","/Resource/2006/08/24/4faf088b-3d6d-4d93-91f3-046a6b066821.jpg"
"1441","102","烈火440-8X CF版 64M","/Resource/2006/08/24/051785e6-cf83-44c7-8966-6ca16ad0015b.jpg"
"1446","102","烈火440-8X CL版 64M ","/Resource/2006/08/12/6f43362d-6a0e-4e39-8938-1cf04dd92f9d.jpg"
"1444","102","烈火440-8X CV版 64M","/Resource/2006/08/24/463eb17f-cb71-4c0e-8288-0572bc5b55b3.jpg"
"1456","102","七彩虹MX400 CT版 32M","/Resource/2006/08/12/7790058c-5ef7-4d61-be64-49517d72a360.jpg"
"1454","102","七彩虹MX400 CV版 32M","/Resource/2006/08/12/703b1e25-f1bf-44bf-aca4-bf8ca3a493d8.jpg"
"1455","102","七彩虹MX400 CV版 64M","/Resource/2006/08/12/0b32e063-b71d-41ad-95df-25fe11b7e8c7.jpg"
